,Unnamed: 0.1,Unnamed: 0,chunk,질의응답,vector,vector2
0,0,,"정관
제1장  총  칙
제1조(명칭) 이 법인은 재단법인 연구개발특구진흥재단(이하 “진흥재단”이라 한다)이라 칭한다. (

제2조(목적) 진흥재단은「연구개발특구의 육성에 관한 특별법」(이하 “법”이라 한다)에 따른 연구개발특구(이하 “특구”라 한다)의 육성을 위한 사업의 효율적 추진을 목적으로 한다. (

제3조(소재지) 진흥재단은 주된 사무소를 대전광역시에 두고 필요한 경우 지원시설, 부설기관, 분사무소, 해외사무소 등을 둘 수 있다. (","1) 재단법인 연구개발특구진흥재단의 명칭은 무엇인가요?

",,
,,,"정관
제1장  총  칙
제1조(명칭) 이 법인은 재단법인 연구개발특구진흥재단(이하 “진흥재단”이라 한다)이라 칭한다. (

제2조(목적) 진흥재단은「연구개발특구의 육성에 관한 특별법」(이하 “법”이라 한다)에 따른 연구개발특구(이하 “특구”라 한다)의 육성을 위한 사업의 효율적 추진을 목적으로 한다. (

제3조(소재지) 진흥재단은 주된 사무소를 대전광역시에 두고 필요한 경우 지원시설, 부설기관, 분사무소, 해외사무소 등을 둘 수 있다. (",2) 재단법인 연구개발특구진흥재단의 주요 목적은 무엇인가요?,,
,,,"정관
제1장  총  칙
제1조(명칭) 이 법인은 재단법인 연구개발특구진흥재단(이하 “진흥재단”이라 한다)이라 칭한다. (

제2조(목적) 진흥재단은「연구개발특구의 육성에 관한 특별법」(이하 “법”이라 한다)에 따른 연구개발특구(이하 “특구”라 한다)의 육성을 위한 사업의 효율적 추진을 목적으로 한다. (

제3조(소재지) 진흥재단은 주된 사무소를 대전광역시에 두고 필요한 경우 지원시설, 부설기관, 분사무소, 해외사무소 등을 둘 수 있다. (",3) 재단법인 연구개발특구진흥재단의 주된 사무소는 어디에 위치하고 있나요?,,
1,1,,"제4조(사업) ① 진흥재단은 제2조의 목적을 달성하기 위하여 다음의 사업을 수행한다. (
   1. 특구의 개발 및 관리ㆍ운영과 관련된 다음 각목의 사업 (
    가. 토지·건물, 연구개발 관련 시설 및 기자재에 대한 취득․개발․공급 및 관리 (
    나. 용수, 에너지, 정보통신, 교통 및 유통 시설 등 기반시설의 설치          (
    다. 학교와 병원 등 특구의 생활환경의 개선을 위한 교육ㆍ보건의료ㆍ문화ㆍ체육ㆍ복지 시설의 유치ㆍ설치 및 관리ㆍ운영 (
    라. 연구개발 성과물의 전시ㆍ홍보, 과학기술 인식 향상을 위한 시설의 설치 및 유치 (
    마. 특구관리계획의 수립 지원 및 그 집행에 관한 업무 (
    바. 교육ㆍ연구 및 사업화 시설구역과 산업시설구역에서의 매각, 임대, 그 사후관리 및 입주에 관한 업무 (
    사. 특구 구조고도화에 관한 업무 (
    아. 환경친화적 특구의 구축 및 환경오염방지에 관한 업무 (
    자. 그 밖에 입주기업체ㆍ입주기관의 활동지원 등 특구의 운영에 필요한 업무 
       (","1. 진흥재단이 수행하는 사업들은 무엇인가요?

",,
,,,"제4조(사업) ① 진흥재단은 제2조의 목적을 달성하기 위하여 다음의 사업을 수행한다. (
   1. 특구의 개발 및 관리ㆍ운영과 관련된 다음 각목의 사업 (
    가. 토지·건물, 연구개발 관련 시설 및 기자재에 대한 취득․개발․공급 및 관리 (
    나. 용수, 에너지, 정보통신, 교통 및 유통 시설 등 기반시설의 설치          (
    다. 학교와 병원 등 특구의 생활환경의 개선을 위한 교육ㆍ보건의료ㆍ문화ㆍ체육ㆍ복지 시설의 유치ㆍ설치 및 관리ㆍ운영 (
    라. 연구개발 성과물의 전시ㆍ홍보, 과학기술 인식 향상을 위한 시설의 설치 및 유치 (
    마. 특구관리계획의 수립 지원 및 그 집행에 관한 업무 (
    바. 교육ㆍ연구 및 사업화 시설구역과 산업시설구역에서의 매각, 임대, 그 사후관리 및 입주에 관한 업무 (
    사. 특구 구조고도화에 관한 업무 (
    아. 환경친화적 특구의 구축 및 환경오염방지에 관한 업무 (
    자. 그 밖에 입주기업체ㆍ입주기관의 활동지원 등 특구의 운영에 필요한 업무 
       (",2. 특구의 생활환경 개선을 위해 진흥재단이 어떤 시설을 설치하고 관리하나요?,,
,,,"제4조(사업) ① 진흥재단은 제2조의 목적을 달성하기 위하여 다음의 사업을 수행한다. (
   1. 특구의 개발 및 관리ㆍ운영과 관련된 다음 각목의 사업 (
    가. 토지·건물, 연구개발 관련 시설 및 기자재에 대한 취득․개발․공급 및 관리 (
    나. 용수, 에너지, 정보통신, 교통 및 유통 시설 등 기반시설의 설치          (
    다. 학교와 병원 등 특구의 생활환경의 개선을 위한 교육ㆍ보건의료ㆍ문화ㆍ체육ㆍ복지 시설의 유치ㆍ설치 및 관리ㆍ운영 (
    라. 연구개발 성과물의 전시ㆍ홍보, 과학기술 인식 향상을 위한 시설의 설치 및 유치 (
    마. 특구관리계획의 수립 지원 및 그 집행에 관한 업무 (
    바. 교육ㆍ연구 및 사업화 시설구역과 산업시설구역에서의 매각, 임대, 그 사후관리 및 입주에 관한 업무 (
    사. 특구 구조고도화에 관한 업무 (
    아. 환경친화적 특구의 구축 및 환경오염방지에 관한 업무 (
    자. 그 밖에 입주기업체ㆍ입주기관의 활동지원 등 특구의 운영에 필요한 업무 
       (",3. 진흥재단이 특구의 운영에 필요한 업무를 수행하기 위해 어떤 활동을 지원하나요?,,
2,2,," 2. 특구의 연구개발과 그 사업화를 촉진하기 위한 다음 각목의 사업 (
    가. 특구육성사업의 추진에 대한 지원 (
    나. 대학·연구소 및 기업 사이의 교류 증진
    다. 지적재산권 관리에 대한 지원
    라. 교수·연구원 등에 대한 창업 지원
    마. 사업화 관련 사업에 대한 지원 (
    바. 연구개발 전문 인력과 사업화 지원 인력의 양성 및 교육 (
    사. 기업 등에 대한 경영지원 서비스 제공
    아. 법 제17조 각 호의 기업 또는 회사에 대한 투자를 목적으로 결성된 투자조합에의 참여 (","1. 특구의 연구개발과 사업화를 촉진하기 위한 사업들에는 어떤 것들이 있나요?

",,
,,," 2. 특구의 연구개발과 그 사업화를 촉진하기 위한 다음 각목의 사업 (
    가. 특구육성사업의 추진에 대한 지원 (
    나. 대학·연구소 및 기업 사이의 교류 증진
    다. 지적재산권 관리에 대한 지원
    라. 교수·연구원 등에 대한 창업 지원
    마. 사업화 관련 사업에 대한 지원 (
    바. 연구개발 전문 인력과 사업화 지원 인력의 양성 및 교육 (
    사. 기업 등에 대한 경영지원 서비스 제공
    아. 법 제17조 각 호의 기업 또는 회사에 대한 투자를 목적으로 결성된 투자조합에의 참여 (",2. 특구육성사업의 추진에 대한 지원이란 어떤 것을 의미하나요?,,
,,," 2. 특구의 연구개발과 그 사업화를 촉진하기 위한 다음 각목의 사업 (
    가. 특구육성사업의 추진에 대한 지원 (
    나. 대학·연구소 및 기업 사이의 교류 증진
    다. 지적재산권 관리에 대한 지원
    라. 교수·연구원 등에 대한 창업 지원
    마. 사업화 관련 사업에 대한 지원 (
    바. 연구개발 전문 인력과 사업화 지원 인력의 양성 및 교육 (
    사. 기업 등에 대한 경영지원 서비스 제공
    아. 법 제17조 각 호의 기업 또는 회사에 대한 투자를 목적으로 결성된 투자조합에의 참여 (",3. 법 제17조 각 호의 기업 또는 회사에 대한 투자를 목적으로 결성된 투자조합에의 참여란 어떤 것을 의미하나요?,,
3,3,,"3. 특구와 관련된 다음 각목의 투자유치사업
    가. 국내외 투자유치와 이를 위한 마케팅 및 홍보
    나. 국내외 투자자에 대한 상담·안내·홍보·조사와 민원사무의 처리대행 등 종합적 지원
    다. 그 밖에 내국인과 외국인 투자지원을 위하여 필요한 사항
   4. 과학기술정보통신부장관이 정하는 수익사업 ( 
   5. 직장어린이집 설치‧운영에 관한 지원 (
   6. 그 밖에 과학기술정보통신부장관, 관계 중앙행정기관의 장 또는 관할 지방자치단체의 장이 위탁하는 업무 (
   7. 그 밖에 진흥재단의 설립목적 달성을 위하여 필요한 사항 (
  ② 진흥재단은 특구의 특성화ㆍ차별화된 발전을 지원하고 특구육성사업을 효율적으로 추진하기 위하여 특구별로 지원조직을 설치하여야 한다. (","1. 특구와 관련된 투자유치사업에는 어떤 것들이 포함되어 있나요?

",,
,,,"3. 특구와 관련된 다음 각목의 투자유치사업
    가. 국내외 투자유치와 이를 위한 마케팅 및 홍보
    나. 국내외 투자자에 대한 상담·안내·홍보·조사와 민원사무의 처리대행 등 종합적 지원
    다. 그 밖에 내국인과 외국인 투자지원을 위하여 필요한 사항
   4. 과학기술정보통신부장관이 정하는 수익사업 ( 
   5. 직장어린이집 설치‧운영에 관한 지원 (
   6. 그 밖에 과학기술정보통신부장관, 관계 중앙행정기관의 장 또는 관할 지방자치단체의 장이 위탁하는 업무 (
   7. 그 밖에 진흥재단의 설립목적 달성을 위하여 필요한 사항 (
  ② 진흥재단은 특구의 특성화ㆍ차별화된 발전을 지원하고 특구육성사업을 효율적으로 추진하기 위하여 특구별로 지원조직을 설치하여야 한다. (",2. 진흥재단이 특구의 발전을 지원하기 위해 어떤 조치를 취해야 하나요?,,
,,,"3. 특구와 관련된 다음 각목의 투자유치사업
    가. 국내외 투자유치와 이를 위한 마케팅 및 홍보
    나. 국내외 투자자에 대한 상담·안내·홍보·조사와 민원사무의 처리대행 등 종합적 지원
    다. 그 밖에 내국인과 외국인 투자지원을 위하여 필요한 사항
   4. 과학기술정보통신부장관이 정하는 수익사업 ( 
   5. 직장어린이집 설치‧운영에 관한 지원 (
   6. 그 밖에 과학기술정보통신부장관, 관계 중앙행정기관의 장 또는 관할 지방자치단체의 장이 위탁하는 업무 (
   7. 그 밖에 진흥재단의 설립목적 달성을 위하여 필요한 사항 (
  ② 진흥재단은 특구의 특성화ㆍ차별화된 발전을 지원하고 특구육성사업을 효율적으로 추진하기 위하여 특구별로 지원조직을 설치하여야 한다. (",3. 과학기술정보통신부장관이 정하는 수익사업이란 무엇인가요?,,
4,4,,"제4조의2(경영목표의 수립) ① 이사장은 사업내용과 경영환경 등을 고려하여 임기 중 달성하여야 할 경영목표를 설정하고, 이사회의 의결을 거쳐 확정한 후 이를 과학기술정보통신부장관에게 제출하여야 한다. (
  ② 이사장이 제1항에 따라 수립된 경영목표를 변경하는 경우에는 그 변경 내용을 이사회 의결을 거쳐 확정한 후 지체 없이 과학기술정보통신부장관에게 제출하여야 한다. (","1. 이사장이 임기 중 달성해야 할 경영목표를 설정하는 과정은 어떻게 이루어지나요?

",,
,,,"제4조의2(경영목표의 수립) ① 이사장은 사업내용과 경영환경 등을 고려하여 임기 중 달성하여야 할 경영목표를 설정하고, 이사회의 의결을 거쳐 확정한 후 이를 과학기술정보통신부장관에게 제출하여야 한다. (
  ② 이사장이 제1항에 따라 수립된 경영목표를 변경하는 경우에는 그 변경 내용을 이사회 의결을 거쳐 확정한 후 지체 없이 과학기술정보통신부장관에게 제출하여야 한다. (",2. 이사장이 설정한 경영목표를 변경하려면 어떤 절차를 거쳐야 하나요?,,
,,,"제4조의2(경영목표의 수립) ① 이사장은 사업내용과 경영환경 등을 고려하여 임기 중 달성하여야 할 경영목표를 설정하고, 이사회의 의결을 거쳐 확정한 후 이를 과학기술정보통신부장관에게 제출하여야 한다. (
  ② 이사장이 제1항에 따라 수립된 경영목표를 변경하는 경우에는 그 변경 내용을 이사회 의결을 거쳐 확정한 후 지체 없이 과학기술정보통신부장관에게 제출하여야 한다. (",3. 경영목표를 설정하거나 변경한 후에는 어떤 단계를 거쳐야 하나요?,,
5,5,,제5조(업무의 위탁) ① 진흥재단은 사업의 원활한 추진을 위하여 필요한 경우에는 이사회의 의결과 과학기술정보통신부장관의 승인을 얻어 그 업무의 일부를 지방자치단체․법인․단체 또는 개인에게 위탁할 수 있다. (,"1. 진흥재단이 업무의 일부를 위탁할 수 있는 조건은 무엇인가요?
",,
,,,제5조(업무의 위탁) ① 진흥재단은 사업의 원활한 추진을 위하여 필요한 경우에는 이사회의 의결과 과학기술정보통신부장관의 승인을 얻어 그 업무의 일부를 지방자치단체․법인․단체 또는 개인에게 위탁할 수 있다. (,2. 진흥재단이 업무를 위탁할 수 있는 대상은 누구인가요?,,
,,,제5조(업무의 위탁) ① 진흥재단은 사업의 원활한 추진을 위하여 필요한 경우에는 이사회의 의결과 과학기술정보통신부장관의 승인을 얻어 그 업무의 일부를 지방자치단체․법인․단체 또는 개인에게 위탁할 수 있다. (,3. 진흥재단의 업무 위탁에 필요한 승인은 누구로부터 받아야 하는가요?,,
6,6,,"제2장  재산 및 회계

제6조(기본재산) ① 진흥재단의 재산은 기본재산과 보통재산으로 구분한다.
  ② 다음 각 호에 해당하는 재산은 기본재산으로 하고 기본재산 이외의 재산은 보통재산으로 한다. (
   1. 설립당시의 설립자 출연금
   2. 기부에 의하거나 기타 무상으로 취득한 재산. 다만, 기부목적에 비춰 기본재산으로 하기 곤란하여 과학기술정보통신부장관의 승인을 받은 것은 제외한다. (
   3. 매 회계연도의 결산상 잉여금 중 적립금
   4. 기타 이사회의 의결을 거쳐 기본재산으로 정한 재산

제7조(재산의 관리) ① 기본재산 및 이사회가 정하는 중요재산을 매각, 양도, 교환, 용도변경 또는 담보에 제공하고자 할 때에는 이사회의 의결을 거쳐 과학기술정보통신부장관의 승인을 얻어야 한다. (
  ② 진흥재단의 모든 재산의 평가는 취득당시의 거래가액에 의한다. 다만, 재평가를 실시한 재산은 재평가액으로 한다. (","1. 진흥재단의 재산은 어떤 것들로 구분되나요?

",,
,,,"제2장  재산 및 회계

제6조(기본재산) ① 진흥재단의 재산은 기본재산과 보통재산으로 구분한다.
  ② 다음 각 호에 해당하는 재산은 기본재산으로 하고 기본재산 이외의 재산은 보통재산으로 한다. (
   1. 설립당시의 설립자 출연금
   2. 기부에 의하거나 기타 무상으로 취득한 재산. 다만, 기부목적에 비춰 기본재산으로 하기 곤란하여 과학기술정보통신부장관의 승인을 받은 것은 제외한다. (
   3. 매 회계연도의 결산상 잉여금 중 적립금
   4. 기타 이사회의 의결을 거쳐 기본재산으로 정한 재산

제7조(재산의 관리) ① 기본재산 및 이사회가 정하는 중요재산을 매각, 양도, 교환, 용도변경 또는 담보에 제공하고자 할 때에는 이사회의 의결을 거쳐 과학기술정보통신부장관의 승인을 얻어야 한다. (
  ② 진흥재단의 모든 재산의 평가는 취득당시의 거래가액에 의한다. 다만, 재평가를 실시한 재산은 재평가액으로 한다. (",2. 기본재산에 해당하는 재산은 어떤 것들이 있나요?,,
,,,"제2장  재산 및 회계

제6조(기본재산) ① 진흥재단의 재산은 기본재산과 보통재산으로 구분한다.
  ② 다음 각 호에 해당하는 재산은 기본재산으로 하고 기본재산 이외의 재산은 보통재산으로 한다. (
   1. 설립당시의 설립자 출연금
   2. 기부에 의하거나 기타 무상으로 취득한 재산. 다만, 기부목적에 비춰 기본재산으로 하기 곤란하여 과학기술정보통신부장관의 승인을 받은 것은 제외한다. (
   3. 매 회계연도의 결산상 잉여금 중 적립금
   4. 기타 이사회의 의결을 거쳐 기본재산으로 정한 재산

제7조(재산의 관리) ① 기본재산 및 이사회가 정하는 중요재산을 매각, 양도, 교환, 용도변경 또는 담보에 제공하고자 할 때에는 이사회의 의결을 거쳐 과학기술정보통신부장관의 승인을 얻어야 한다. (
  ② 진흥재단의 모든 재산의 평가는 취득당시의 거래가액에 의한다. 다만, 재평가를 실시한 재산은 재평가액으로 한다. (",3. 진흥재단의 모든 재산의 평가는 어떻게 이루어지나요?,,
7,7,,"제8조(자금의 조달) 진흥재단은 제4조의 규정에 따른 사업을 수행하기 위하여 필요한 자금을 다음 각 호의 재원으로 조달한다. (
   1. 정부 또는 정부 아닌 자의 출연금 또는 보조금
   2. 채권발행으로 조성한 자금
   3. 차입금(외국으로부터 차입한 자금 및 도입한 물자를 포함한다)
   4. 수익사업의 수익금 (
   5. 국내‧외로부터의 기부금 (
   6. 그 밖의 수입금

제9조(자금의 차입) 진흥재단이 자금을 차입하고자 할 때에는 다음 각 호의 사항을 기재한 신청서를 과학기술정보통신부장관에게 제출하여 승인을 얻어야 한다. (
   1. 차입사유 및 차입금액(물자도입인 경우에는 물자의 종류․수량 및 그 가격)
   2. 차입선
   3. 차입조건
   4. 차입금의 상환방법 및 상환기한
   5. 기타 자금의 차입 및 상환에 관하여 필요한 서류","1. 진흥재단이 자금을 조달하는 방법은 무엇인가요?

",,
,,,"제8조(자금의 조달) 진흥재단은 제4조의 규정에 따른 사업을 수행하기 위하여 필요한 자금을 다음 각 호의 재원으로 조달한다. (
   1. 정부 또는 정부 아닌 자의 출연금 또는 보조금
   2. 채권발행으로 조성한 자금
   3. 차입금(외국으로부터 차입한 자금 및 도입한 물자를 포함한다)
   4. 수익사업의 수익금 (
   5. 국내‧외로부터의 기부금 (
   6. 그 밖의 수입금

제9조(자금의 차입) 진흥재단이 자금을 차입하고자 할 때에는 다음 각 호의 사항을 기재한 신청서를 과학기술정보통신부장관에게 제출하여 승인을 얻어야 한다. (
   1. 차입사유 및 차입금액(물자도입인 경우에는 물자의 종류․수량 및 그 가격)
   2. 차입선
   3. 차입조건
   4. 차입금의 상환방법 및 상환기한
   5. 기타 자금의 차입 및 상환에 관하여 필요한 서류",2. 진흥재단이 자금을 차입하려면 어떤 절차를 거쳐야 하나요?,,
,,,"제8조(자금의 조달) 진흥재단은 제4조의 규정에 따른 사업을 수행하기 위하여 필요한 자금을 다음 각 호의 재원으로 조달한다. (
   1. 정부 또는 정부 아닌 자의 출연금 또는 보조금
   2. 채권발행으로 조성한 자금
   3. 차입금(외국으로부터 차입한 자금 및 도입한 물자를 포함한다)
   4. 수익사업의 수익금 (
   5. 국내‧외로부터의 기부금 (
   6. 그 밖의 수입금

제9조(자금의 차입) 진흥재단이 자금을 차입하고자 할 때에는 다음 각 호의 사항을 기재한 신청서를 과학기술정보통신부장관에게 제출하여 승인을 얻어야 한다. (
   1. 차입사유 및 차입금액(물자도입인 경우에는 물자의 종류․수량 및 그 가격)
   2. 차입선
   3. 차입조건
   4. 차입금의 상환방법 및 상환기한
   5. 기타 자금의 차입 및 상환에 관하여 필요한 서류",3. 진흥재단이 차입금을 상환하는 방법과 기한에 대한 정보는 어떻게 제공해야 하나요?,,
8,8,,"제10조(다른 사업에의 출자) ① 진흥재단이 제4조의 사업을 효율적으로 수행하기 위하여 관련된 사업에 출자 또는 출연하고자 하는 때에는 과학기술정보통신부장관 및 기획재정부장관과 사전에 협의를 하고, 이사회 의결을 거쳐 과학기술정보통신부장관의 승인을 얻어야 한다. (
  ② 진흥재단이 제1항에 의한 승인을 얻고자 하는 경우에는 다음 각 호의 사항이 포함된 승인신청서를 과학기술정보통신부장관에게 제출하여야 한다. 1. 출자 또는 출연의 필요성
   2. 출자 또는 출연할 재산의 종류 및 출자 또는 출연가액
   3. 사업개요
   4. 그밖에 출자 또는 출연에 관하여 필요한 사항                                                                                                              제10조의2(출자회사) ① 진흥재단은 간접고용 근로자의 정규직 전환을 통한 고용안정 및 처우개선을 위해 출자회사를 설립할 수 있다.
  ② 진흥재단은 보유하거나 위탁 운영하는 시설물의 설비관리, 경비, 미화 등 시설관리 업무의 일부를 제1항에 따라 설립한 출자회사에 위탁 할 수 있다.
  ③ 출자회사 관리에 필요한 사항은 별도의 지침으로 정할 수 있다","1. 진흥재단이 제4조의 사업을 효율적으로 수행하기 위해 관련된 사업에 출자 또는 출연하고자 할 때 필요한 절차는 무엇인가요?

",,
,,,"제10조(다른 사업에의 출자) ① 진흥재단이 제4조의 사업을 효율적으로 수행하기 위하여 관련된 사업에 출자 또는 출연하고자 하는 때에는 과학기술정보통신부장관 및 기획재정부장관과 사전에 협의를 하고, 이사회 의결을 거쳐 과학기술정보통신부장관의 승인을 얻어야 한다. (
  ② 진흥재단이 제1항에 의한 승인을 얻고자 하는 경우에는 다음 각 호의 사항이 포함된 승인신청서를 과학기술정보통신부장관에게 제출하여야 한다. 1. 출자 또는 출연의 필요성
   2. 출자 또는 출연할 재산의 종류 및 출자 또는 출연가액
   3. 사업개요
   4. 그밖에 출자 또는 출연에 관하여 필요한 사항                                                                                                              제10조의2(출자회사) ① 진흥재단은 간접고용 근로자의 정규직 전환을 통한 고용안정 및 처우개선을 위해 출자회사를 설립할 수 있다.
  ② 진흥재단은 보유하거나 위탁 운영하는 시설물의 설비관리, 경비, 미화 등 시설관리 업무의 일부를 제1항에 따라 설립한 출자회사에 위탁 할 수 있다.
  ③ 출자회사 관리에 필요한 사항은 별도의 지침으로 정할 수 있다",2. 진흥재단이 승인을 얻기 위해 제출해야 하는 승인신청서에는 어떤 내용이 포함되어야 하나요?,,
,,,"제10조(다른 사업에의 출자) ① 진흥재단이 제4조의 사업을 효율적으로 수행하기 위하여 관련된 사업에 출자 또는 출연하고자 하는 때에는 과학기술정보통신부장관 및 기획재정부장관과 사전에 협의를 하고, 이사회 의결을 거쳐 과학기술정보통신부장관의 승인을 얻어야 한다. (
  ② 진흥재단이 제1항에 의한 승인을 얻고자 하는 경우에는 다음 각 호의 사항이 포함된 승인신청서를 과학기술정보통신부장관에게 제출하여야 한다. 1. 출자 또는 출연의 필요성
   2. 출자 또는 출연할 재산의 종류 및 출자 또는 출연가액
   3. 사업개요
   4. 그밖에 출자 또는 출연에 관하여 필요한 사항                                                                                                              제10조의2(출자회사) ① 진흥재단은 간접고용 근로자의 정규직 전환을 통한 고용안정 및 처우개선을 위해 출자회사를 설립할 수 있다.
  ② 진흥재단은 보유하거나 위탁 운영하는 시설물의 설비관리, 경비, 미화 등 시설관리 업무의 일부를 제1항에 따라 설립한 출자회사에 위탁 할 수 있다.
  ③ 출자회사 관리에 필요한 사항은 별도의 지침으로 정할 수 있다",3. 진흥재단이 출자회사를 설립하고 그 회사에 일부 업무를 위탁할 수 있는 이유와 조건은 무엇인가요?,,
9,9,,"제11조(예산서 등의 승인) 진흥재단은 매 사업연도가 시작되기 전까지 다음 연도의 사업계획서와 예산서를 작성하여 이사회의 의결을 거쳐 과학기술정보통신부장관의 승인을 받아야 한다. 사업계획서와 예산서를 변경하는 경우에도 또한 같다. 
  (

제11조의2(준예산) ① 진흥재단은 부득이한 사유로 회계연도가 시작되기 전까지 예산이 확정되지 아니한 경우에는 전 회계연도의 예산에 준하여 예산(이하 ‘준예산’이라 한다)을 편성하여 운용할 수 있다.
  ② 준예산은 그 회계연도의 예산이 확정된 경우에는 그 효력을 잃는다. 이 경우 준예산에 따라 집행된 예산은 이를 그 회계연도의 예산에 따라 집행된 것으로 본다.","1. 진흥재단이 사업연도가 시작되기 전까지 완료해야 하는 작업은 무엇인가요?

",,
,,,"제11조(예산서 등의 승인) 진흥재단은 매 사업연도가 시작되기 전까지 다음 연도의 사업계획서와 예산서를 작성하여 이사회의 의결을 거쳐 과학기술정보통신부장관의 승인을 받아야 한다. 사업계획서와 예산서를 변경하는 경우에도 또한 같다. 
  (

제11조의2(준예산) ① 진흥재단은 부득이한 사유로 회계연도가 시작되기 전까지 예산이 확정되지 아니한 경우에는 전 회계연도의 예산에 준하여 예산(이하 ‘준예산’이라 한다)을 편성하여 운용할 수 있다.
  ② 준예산은 그 회계연도의 예산이 확정된 경우에는 그 효력을 잃는다. 이 경우 준예산에 따라 집행된 예산은 이를 그 회계연도의 예산에 따라 집행된 것으로 본다.",2. 진흥재단이 예산서를 변경하려면 어떤 절차를 거쳐야 하나요?,,
,,,"제11조(예산서 등의 승인) 진흥재단은 매 사업연도가 시작되기 전까지 다음 연도의 사업계획서와 예산서를 작성하여 이사회의 의결을 거쳐 과학기술정보통신부장관의 승인을 받아야 한다. 사업계획서와 예산서를 변경하는 경우에도 또한 같다. 
  (

제11조의2(준예산) ① 진흥재단은 부득이한 사유로 회계연도가 시작되기 전까지 예산이 확정되지 아니한 경우에는 전 회계연도의 예산에 준하여 예산(이하 ‘준예산’이라 한다)을 편성하여 운용할 수 있다.
  ② 준예산은 그 회계연도의 예산이 확정된 경우에는 그 효력을 잃는다. 이 경우 준예산에 따라 집행된 예산은 이를 그 회계연도의 예산에 따라 집행된 것으로 본다.","3. 준예산이란 무엇이며, 그 효력은 어떻게 결정되나요?",,
10,10,,"제12조(결산보고) ① 진흥재단은 매 회계연도 종료 후 결산서를 작성하여 회계감사인의 회계감사를 받아야 한다. ( (
  ② 진흥재단은 법 제61조에 따라 매 사업연도의 세입세출결산보고서에 다음 각 호의 서류를 첨부하여 이사회의 의결을 거친 후 다음 연도 2월말까지 과학기술정보통신부장관에게 제출하고, 3월 말일까지 승인을 받아 결산을 확정하여야 한다. (
   1. 당해 연도 재무상태표 및 손익계산서 (
   2. 당해 연도의 사업계획과 그 집행실적의 대비표
   3. 당해 감사를 한 공인회계사의 의견서와 감사의 의견서
   4. 그밖에 결산내용을 확인할 수 있는 서류

제12조의2(회계감사인의 선임 등) ① 진흥재단은 회계감사인을 선임하기 위하여 전문성과 독립성이 확보된 회계감사인선임위원회를 구성·운영하여야 한다. 
  ② 회계감사인선임위원회의 구성 및 운영과 관하여 필요한 사항은 따로 정한다.
  [본조신설 2018.05.02]

제12조의3(기부금의 공개) 진흥재단은 인터넷 홈페이지를 통하여 연간 기부금 모금액 및 활용실적을 공개한다.
  [본조신설 2019.01.21]","1. 진흥재단이 매 회계연도 종료 후 어떤 절차를 거쳐야 하는지 설명하시오.

",,
,,,"제12조(결산보고) ① 진흥재단은 매 회계연도 종료 후 결산서를 작성하여 회계감사인의 회계감사를 받아야 한다. ( (
  ② 진흥재단은 법 제61조에 따라 매 사업연도의 세입세출결산보고서에 다음 각 호의 서류를 첨부하여 이사회의 의결을 거친 후 다음 연도 2월말까지 과학기술정보통신부장관에게 제출하고, 3월 말일까지 승인을 받아 결산을 확정하여야 한다. (
   1. 당해 연도 재무상태표 및 손익계산서 (
   2. 당해 연도의 사업계획과 그 집행실적의 대비표
   3. 당해 감사를 한 공인회계사의 의견서와 감사의 의견서
   4. 그밖에 결산내용을 확인할 수 있는 서류

제12조의2(회계감사인의 선임 등) ① 진흥재단은 회계감사인을 선임하기 위하여 전문성과 독립성이 확보된 회계감사인선임위원회를 구성·운영하여야 한다. 
  ② 회계감사인선임위원회의 구성 및 운영과 관하여 필요한 사항은 따로 정한다.
  [본조신설 2018.05.02]

제12조의3(기부금의 공개) 진흥재단은 인터넷 홈페이지를 통하여 연간 기부금 모금액 및 활용실적을 공개한다.
  [본조신설 2019.01.21]",2. 진흥재단이 세입세출결산보고서에 첨부하여 제출해야 하는 서류는 무엇인지 나열하시오.,,
,,,"제12조(결산보고) ① 진흥재단은 매 회계연도 종료 후 결산서를 작성하여 회계감사인의 회계감사를 받아야 한다. ( (
  ② 진흥재단은 법 제61조에 따라 매 사업연도의 세입세출결산보고서에 다음 각 호의 서류를 첨부하여 이사회의 의결을 거친 후 다음 연도 2월말까지 과학기술정보통신부장관에게 제출하고, 3월 말일까지 승인을 받아 결산을 확정하여야 한다. (
   1. 당해 연도 재무상태표 및 손익계산서 (
   2. 당해 연도의 사업계획과 그 집행실적의 대비표
   3. 당해 감사를 한 공인회계사의 의견서와 감사의 의견서
   4. 그밖에 결산내용을 확인할 수 있는 서류

제12조의2(회계감사인의 선임 등) ① 진흥재단은 회계감사인을 선임하기 위하여 전문성과 독립성이 확보된 회계감사인선임위원회를 구성·운영하여야 한다. 
  ② 회계감사인선임위원회의 구성 및 운영과 관하여 필요한 사항은 따로 정한다.
  [본조신설 2018.05.02]

제12조의3(기부금의 공개) 진흥재단은 인터넷 홈페이지를 통하여 연간 기부금 모금액 및 활용실적을 공개한다.
  [본조신설 2019.01.21]",3. 진흥재단이 연간 기부금 모금액 및 활용실적을 어떻게 공개하는지 설명하시오.,,
11,11,,"제13조(사업연도) 진흥재단의 사업연도는 정부의 회계연도에 따른다. (

제14조(회계규정 등) 진흥재단은 그 조직과 예산 등에 관한 규정을 정하여 이사회 의결을 거쳐 과학기술정보통신부장관의 승인을 받아야 한다. 이를 변경하고자 하는 경우에도 또한 같다. 
  (

제15조(잉여금 처리) 매사업연도의 잉여금은 이월손실을 보전하고도 잔여가 있을 때에는 기본재산에 전입하거나 다음 사업연도로 이월하여 진흥재단의 목적사업에 사용하여야 한다. (","1) 진흥재단의 사업연도는 어떻게 결정되는가?

",,
,,,"제13조(사업연도) 진흥재단의 사업연도는 정부의 회계연도에 따른다. (

제14조(회계규정 등) 진흥재단은 그 조직과 예산 등에 관한 규정을 정하여 이사회 의결을 거쳐 과학기술정보통신부장관의 승인을 받아야 한다. 이를 변경하고자 하는 경우에도 또한 같다. 
  (

제15조(잉여금 처리) 매사업연도의 잉여금은 이월손실을 보전하고도 잔여가 있을 때에는 기본재산에 전입하거나 다음 사업연도로 이월하여 진흥재단의 목적사업에 사용하여야 한다. (",2) 진흥재단의 조직과 예산 등에 관한 규정 변경은 어떤 절차를 거쳐야 하는가?,,
,,,"제13조(사업연도) 진흥재단의 사업연도는 정부의 회계연도에 따른다. (

제14조(회계규정 등) 진흥재단은 그 조직과 예산 등에 관한 규정을 정하여 이사회 의결을 거쳐 과학기술정보통신부장관의 승인을 받아야 한다. 이를 변경하고자 하는 경우에도 또한 같다. 
  (

제15조(잉여금 처리) 매사업연도의 잉여금은 이월손실을 보전하고도 잔여가 있을 때에는 기본재산에 전입하거나 다음 사업연도로 이월하여 진흥재단의 목적사업에 사용하여야 한다. (",3) 매사업연도의 잉여금은 어떻게 처리되어야 하는가?,,
12,12,,"제3장  임  원

제16조(임원) ① 진흥재단에 임원으로 이사장 1인을 포함한 15인 이내의 이사와 감사 1인을 둔다. (
  ② 이사장을 제외한 모든 임원은 비상임으로 한다. (
  ③ 이사장은 진흥재단 이외의 다른 영리를 목적으로 하는 업무에 종사할 수 없다. ( (
  ④ 이사장은 재직기간 동안 진흥재단의 연구과제 수행에 참여할 수 없다. 
  ( (

제17조(이사) ① 이사는 이사회에서 선임하여 과학기술정보통신부장관의 승인을 얻어야 한다. 다만, 다음 각 호의 자는 이사회에서 선임되어 과학기술정보통신부장관의 승인을 받은 이사(이하 “당연직 이사”라 한다)로 본다. (
   1. 과학기술정보통신부 과학기술일자리혁신관 (
   3. 기획재정부 경제예산심의관 (
   7. ( ( 
  ② 당연직 이사가 아닌 이사는 학계․연구계 및 산업계 등에서 선임한다.
  ③ 이사는 이사회에 부쳐진 안건을 심의하고, 의결에 참여한다. (

제17조의2(선임비상임이사) ① 비상임이사 중「공공기관의 운영에 관한 법률 시행령」제19조제1항이 정하는 자격을 갖춘 1인을 선임비상임이사로 호선한다.
  ② 선임비상임이사는 이사회 안건 그 밖에 기관 운영에 관한 사항을 논의하기 위하여 비상임이사회의를 소집할 수 있다.
  ③ 이사장은 선임비상임이사가 제2항에 따른 업무를 수행할 수 있도록 필요한 지원을 하여야 한다. 
  [본조신설 2018.05.02]","1. 진흥재단의 임원 구성은 어떻게 되어 있나요?

",,
,,,"제3장  임  원

제16조(임원) ① 진흥재단에 임원으로 이사장 1인을 포함한 15인 이내의 이사와 감사 1인을 둔다. (
  ② 이사장을 제외한 모든 임원은 비상임으로 한다. (
  ③ 이사장은 진흥재단 이외의 다른 영리를 목적으로 하는 업무에 종사할 수 없다. ( (
  ④ 이사장은 재직기간 동안 진흥재단의 연구과제 수행에 참여할 수 없다. 
  ( (

제17조(이사) ① 이사는 이사회에서 선임하여 과학기술정보통신부장관의 승인을 얻어야 한다. 다만, 다음 각 호의 자는 이사회에서 선임되어 과학기술정보통신부장관의 승인을 받은 이사(이하 “당연직 이사”라 한다)로 본다. (
   1. 과학기술정보통신부 과학기술일자리혁신관 (
   3. 기획재정부 경제예산심의관 (
   7. ( ( 
  ② 당연직 이사가 아닌 이사는 학계․연구계 및 산업계 등에서 선임한다.
  ③ 이사는 이사회에 부쳐진 안건을 심의하고, 의결에 참여한다. (

제17조의2(선임비상임이사) ① 비상임이사 중「공공기관의 운영에 관한 법률 시행령」제19조제1항이 정하는 자격을 갖춘 1인을 선임비상임이사로 호선한다.
  ② 선임비상임이사는 이사회 안건 그 밖에 기관 운영에 관한 사항을 논의하기 위하여 비상임이사회의를 소집할 수 있다.
  ③ 이사장은 선임비상임이사가 제2항에 따른 업무를 수행할 수 있도록 필요한 지원을 하여야 한다. 
  [본조신설 2018.05.02]",2. 이사장의 업무에 대한 제한 사항은 무엇인가요?,,
,,,"제3장  임  원

제16조(임원) ① 진흥재단에 임원으로 이사장 1인을 포함한 15인 이내의 이사와 감사 1인을 둔다. (
  ② 이사장을 제외한 모든 임원은 비상임으로 한다. (
  ③ 이사장은 진흥재단 이외의 다른 영리를 목적으로 하는 업무에 종사할 수 없다. ( (
  ④ 이사장은 재직기간 동안 진흥재단의 연구과제 수행에 참여할 수 없다. 
  ( (

제17조(이사) ① 이사는 이사회에서 선임하여 과학기술정보통신부장관의 승인을 얻어야 한다. 다만, 다음 각 호의 자는 이사회에서 선임되어 과학기술정보통신부장관의 승인을 받은 이사(이하 “당연직 이사”라 한다)로 본다. (
   1. 과학기술정보통신부 과학기술일자리혁신관 (
   3. 기획재정부 경제예산심의관 (
   7. ( ( 
  ② 당연직 이사가 아닌 이사는 학계․연구계 및 산업계 등에서 선임한다.
  ③ 이사는 이사회에 부쳐진 안건을 심의하고, 의결에 참여한다. (

제17조의2(선임비상임이사) ① 비상임이사 중「공공기관의 운영에 관한 법률 시행령」제19조제1항이 정하는 자격을 갖춘 1인을 선임비상임이사로 호선한다.
  ② 선임비상임이사는 이사회 안건 그 밖에 기관 운영에 관한 사항을 논의하기 위하여 비상임이사회의를 소집할 수 있다.
  ③ 이사장은 선임비상임이사가 제2항에 따른 업무를 수행할 수 있도록 필요한 지원을 하여야 한다. 
  [본조신설 2018.05.02]",3. 선임비상임이사의 역할과 권한에 대해 설명해주세요.,,
13,13,,"제18조(이사장 및 이사의 임기) ① 이사장 및 이사의 임기는 3년으로 하며, 연임할 수 있다. (
  ② 제1항에 의한 이사 중 임기만료 이외의 사유로 결원이 있을 때에는 2월 이내에 이사회를 개최하여 그 후임자를 선임한다.
  ③ 당연직 이사의 임기는 당해 직에 재직하는 기간으로 한다. ( 
  ④ 임기가 만료된 임원은 후임자가 임명될 때까지 직무를 수행한다. ( (
  ⑤ 제4항에 의해 직무를 수행하는 임원의 임기는 후임자가 임명될 때까지 연장된 것으로 본다. (

제19조(이사장) ① 이사장은 진흥재단을 대표하며, 진흥재단의 업무를 총괄한다. (
  ② 이사장은 임원추천위원회의 추천을 받아 이사회의 의결을 거쳐 과학기술정보통신부장관이 임면한다. (
  ③ 이사장이 결원일 때에는 이사회는 지체 없이 그 후임자를 선임하여야 하며, 일반사무는 직제규정에서 정하는 순서로 그 직무를 대행한다. 다만 이사회에 관한 업무는 이사회운영규정에서 정하는 바에 따른다. (","1. 이사장 및 이사의 임기는 얼마나 되나요?

",,
,,,"제18조(이사장 및 이사의 임기) ① 이사장 및 이사의 임기는 3년으로 하며, 연임할 수 있다. (
  ② 제1항에 의한 이사 중 임기만료 이외의 사유로 결원이 있을 때에는 2월 이내에 이사회를 개최하여 그 후임자를 선임한다.
  ③ 당연직 이사의 임기는 당해 직에 재직하는 기간으로 한다. ( 
  ④ 임기가 만료된 임원은 후임자가 임명될 때까지 직무를 수행한다. ( (
  ⑤ 제4항에 의해 직무를 수행하는 임원의 임기는 후임자가 임명될 때까지 연장된 것으로 본다. (

제19조(이사장) ① 이사장은 진흥재단을 대표하며, 진흥재단의 업무를 총괄한다. (
  ② 이사장은 임원추천위원회의 추천을 받아 이사회의 의결을 거쳐 과학기술정보통신부장관이 임면한다. (
  ③ 이사장이 결원일 때에는 이사회는 지체 없이 그 후임자를 선임하여야 하며, 일반사무는 직제규정에서 정하는 순서로 그 직무를 대행한다. 다만 이사회에 관한 업무는 이사회운영규정에서 정하는 바에 따른다. (",2. 이사장은 어떻게 선임되나요?,,
,,,"제18조(이사장 및 이사의 임기) ① 이사장 및 이사의 임기는 3년으로 하며, 연임할 수 있다. (
  ② 제1항에 의한 이사 중 임기만료 이외의 사유로 결원이 있을 때에는 2월 이내에 이사회를 개최하여 그 후임자를 선임한다.
  ③ 당연직 이사의 임기는 당해 직에 재직하는 기간으로 한다. ( 
  ④ 임기가 만료된 임원은 후임자가 임명될 때까지 직무를 수행한다. ( (
  ⑤ 제4항에 의해 직무를 수행하는 임원의 임기는 후임자가 임명될 때까지 연장된 것으로 본다. (

제19조(이사장) ① 이사장은 진흥재단을 대표하며, 진흥재단의 업무를 총괄한다. (
  ② 이사장은 임원추천위원회의 추천을 받아 이사회의 의결을 거쳐 과학기술정보통신부장관이 임면한다. (
  ③ 이사장이 결원일 때에는 이사회는 지체 없이 그 후임자를 선임하여야 하며, 일반사무는 직제규정에서 정하는 순서로 그 직무를 대행한다. 다만 이사회에 관한 업무는 이사회운영규정에서 정하는 바에 따른다. (",3. 임기가 만료된 임원의 직무 수행과 관련된 규정은 무엇인가요?,,
14,14,,"제20조(임원추천위원회 구성 및 운영) ① 임원(이사장 및 감사)후보자를 추천하기 위하여 임원추천위원회를 구성한다. (② 임원추천위원회 위원 정수는 5명에서 15명 이내의 범위에서 이사회 의결로 정한다. 다만, 위원회 구성 당시 비상임이사가 2명 이하인 경우에는 위원 정수를 2명 또는 3명으로 할 수 있다. (
   1. ( 
   2. 
   3. ( 
  ③ 이사회가 선임하는 위원의 정수는 임원추천위원회 위원 정수의 2분의 1 미만과 3분의 1 이상으로 한다. 다만, 임원추천위원회 구성 당시 비상임이사가 1명인 경우에는 이사회가 선임하는 위원의 정수를 2분의 1로 할 수 있다. (
  ④ 임원추천위원회는 임원후보자를 복수로 이사회에 추천한다. (
  ⑤ 임원추천위원회는 이사장후보자가 이사회 의결을 거쳐 과학기술정보통신부장관이 임명하거나 감사후보자가 이사회의 선임을 거쳐 과학기술정보통신부장관의 승인을 받을 때까지 한시적으로 운영한다. (
  ⑥ 제18조제1항 및 제21조제2항에 따라 임원이 연임하는 경우에는 위원회의 추천을 거치지 아니한다.","1. 임원추천위원회의 구성원은 어떻게 결정되나요?

",,
,,,"제20조(임원추천위원회 구성 및 운영) ① 임원(이사장 및 감사)후보자를 추천하기 위하여 임원추천위원회를 구성한다. (② 임원추천위원회 위원 정수는 5명에서 15명 이내의 범위에서 이사회 의결로 정한다. 다만, 위원회 구성 당시 비상임이사가 2명 이하인 경우에는 위원 정수를 2명 또는 3명으로 할 수 있다. (
   1. ( 
   2. 
   3. ( 
  ③ 이사회가 선임하는 위원의 정수는 임원추천위원회 위원 정수의 2분의 1 미만과 3분의 1 이상으로 한다. 다만, 임원추천위원회 구성 당시 비상임이사가 1명인 경우에는 이사회가 선임하는 위원의 정수를 2분의 1로 할 수 있다. (
  ④ 임원추천위원회는 임원후보자를 복수로 이사회에 추천한다. (
  ⑤ 임원추천위원회는 이사장후보자가 이사회 의결을 거쳐 과학기술정보통신부장관이 임명하거나 감사후보자가 이사회의 선임을 거쳐 과학기술정보통신부장관의 승인을 받을 때까지 한시적으로 운영한다. (
  ⑥ 제18조제1항 및 제21조제2항에 따라 임원이 연임하는 경우에는 위원회의 추천을 거치지 아니한다.",2. 임원추천위원회는 어떤 역할을 수행하나요?,,
,,,"제20조(임원추천위원회 구성 및 운영) ① 임원(이사장 및 감사)후보자를 추천하기 위하여 임원추천위원회를 구성한다. (② 임원추천위원회 위원 정수는 5명에서 15명 이내의 범위에서 이사회 의결로 정한다. 다만, 위원회 구성 당시 비상임이사가 2명 이하인 경우에는 위원 정수를 2명 또는 3명으로 할 수 있다. (
   1. ( 
   2. 
   3. ( 
  ③ 이사회가 선임하는 위원의 정수는 임원추천위원회 위원 정수의 2분의 1 미만과 3분의 1 이상으로 한다. 다만, 임원추천위원회 구성 당시 비상임이사가 1명인 경우에는 이사회가 선임하는 위원의 정수를 2분의 1로 할 수 있다. (
  ④ 임원추천위원회는 임원후보자를 복수로 이사회에 추천한다. (
  ⑤ 임원추천위원회는 이사장후보자가 이사회 의결을 거쳐 과학기술정보통신부장관이 임명하거나 감사후보자가 이사회의 선임을 거쳐 과학기술정보통신부장관의 승인을 받을 때까지 한시적으로 운영한다. (
  ⑥ 제18조제1항 및 제21조제2항에 따라 임원이 연임하는 경우에는 위원회의 추천을 거치지 아니한다.",3. 임원이 연임하는 경우에는 어떤 절차를 거치나요?,,
15,15,,"제21조(감사) ① 감사는 임원추천위원회가 복수로 추천하여 이사회에서 선임하되 과학기술정보통신부장관의 승인을 받아야 한다. (
  ② 감사의 임기는 2년으로 하며, 한 차례만 연임할 수 있다. 이 경우 과학기술정보통신부장관은 직무수행실적의 평가결과와 그 밖의 직무수행실적을 고려하여 연임 여부를 결정하며, 연임되는 경우에는 임원추천위원회의 추천을 거치지 아니한다.(
  ③ 임기만료 이외의 사유로 결원이 되었을 때에는 제18조 제2항을 준용한다. 
  (
  ④ 감사는 진흥재단의 회계 및 업무집행을 감사하며 그에 관한 부정 또는 오류를 발견하였을 때에는 지체 없이 이사회에 보고하여야 한다.
  ⑤ 감사는 이사회에 출석하여 의견을 진술할 수 있다.","1. 감사의 선임 과정은 어떻게 이루어지나요?

",,
,,,"제21조(감사) ① 감사는 임원추천위원회가 복수로 추천하여 이사회에서 선임하되 과학기술정보통신부장관의 승인을 받아야 한다. (
  ② 감사의 임기는 2년으로 하며, 한 차례만 연임할 수 있다. 이 경우 과학기술정보통신부장관은 직무수행실적의 평가결과와 그 밖의 직무수행실적을 고려하여 연임 여부를 결정하며, 연임되는 경우에는 임원추천위원회의 추천을 거치지 아니한다.(
  ③ 임기만료 이외의 사유로 결원이 되었을 때에는 제18조 제2항을 준용한다. 
  (
  ④ 감사는 진흥재단의 회계 및 업무집행을 감사하며 그에 관한 부정 또는 오류를 발견하였을 때에는 지체 없이 이사회에 보고하여야 한다.
  ⑤ 감사는 이사회에 출석하여 의견을 진술할 수 있다.",2. 감사의 임기는 어떻게 결정되나요?,,
,,,"제21조(감사) ① 감사는 임원추천위원회가 복수로 추천하여 이사회에서 선임하되 과학기술정보통신부장관의 승인을 받아야 한다. (
  ② 감사의 임기는 2년으로 하며, 한 차례만 연임할 수 있다. 이 경우 과학기술정보통신부장관은 직무수행실적의 평가결과와 그 밖의 직무수행실적을 고려하여 연임 여부를 결정하며, 연임되는 경우에는 임원추천위원회의 추천을 거치지 아니한다.(
  ③ 임기만료 이외의 사유로 결원이 되었을 때에는 제18조 제2항을 준용한다. 
  (
  ④ 감사는 진흥재단의 회계 및 업무집행을 감사하며 그에 관한 부정 또는 오류를 발견하였을 때에는 지체 없이 이사회에 보고하여야 한다.
  ⑤ 감사는 이사회에 출석하여 의견을 진술할 수 있다.",3. 감사가 발견한 부정 또는 오류에 대해 어떻게 대처해야 하나요?,,
16,16,,"제22조(임원의 신분보장) 당연직이사를 제외한 임원은 다음 각 호에 해당하는 경우를 제외하고는 그 임기 중 해임되지 아니한다. (
   1. 법령, 정관 또는 적법한 이사회의 의결에 위반되었을 때
   2. 고의 또는 중대한 과실로 인하여 진흥재단에 중대한 손실을 끼쳤을 때 (
   3. 신체 또는 기타사유로 인하여 그의 직무를 수행할 수 없다고 이사회가 인정하였을 때
   4.「공공기관의 운영에 관한 법률」제35조제3항에 따라 임명권자가 해임한 때 (","1. 임원이 임기 중 해임되지 않는 경우는 어떤 경우인가요?

",,
,,,"제22조(임원의 신분보장) 당연직이사를 제외한 임원은 다음 각 호에 해당하는 경우를 제외하고는 그 임기 중 해임되지 아니한다. (
   1. 법령, 정관 또는 적법한 이사회의 의결에 위반되었을 때
   2. 고의 또는 중대한 과실로 인하여 진흥재단에 중대한 손실을 끼쳤을 때 (
   3. 신체 또는 기타사유로 인하여 그의 직무를 수행할 수 없다고 이사회가 인정하였을 때
   4.「공공기관의 운영에 관한 법률」제35조제3항에 따라 임명권자가 해임한 때 (",2. 임원이 임기 중 해임될 수 있는 4가지 경우에 대해 설명해주세요.,,
,,,"제22조(임원의 신분보장) 당연직이사를 제외한 임원은 다음 각 호에 해당하는 경우를 제외하고는 그 임기 중 해임되지 아니한다. (
   1. 법령, 정관 또는 적법한 이사회의 의결에 위반되었을 때
   2. 고의 또는 중대한 과실로 인하여 진흥재단에 중대한 손실을 끼쳤을 때 (
   3. 신체 또는 기타사유로 인하여 그의 직무를 수행할 수 없다고 이사회가 인정하였을 때
   4.「공공기관의 운영에 관한 법률」제35조제3항에 따라 임명권자가 해임한 때 (",3. '공공기관의 운영에 관한 법률' 제35조제3항에 따라 임원이 해임될 수 있는 상황에 대해 설명해주세요.,,
17,17,,"제4장  이사회

제23조(이사회의 구성) ① 진흥재단의 중요사항을 의결하기 위하여 진흥재단에 이사회를 둔다. (
  ② 이사회는 이사장을 포함한 15인 이내의 이사로 구성된다.

제24조(이사회 의결 및 보고사항) ① 이사회는 다음사항을 의결한다. (
   1. 기구 및 직원의 정원에 관한 사항
   2. 지원시설, 부설기관, 분사무소, 해외사무소 등의 설치에 관한 사항
   3. 매회계년도 사업계획 및 예산의 승인에 관한 사항
   4. 전년도의 결산승인에 관한 사항
   5. 임원의 선임 및 해임에 관한 사항
   6. 기본재산 또는 중요재산의 취득․관리 및 처분에 관한 사항
   7. 차입금에 관한 사항
   8. 채권의 발행에 관한 사항
   9. 출자 및 출연에 관한 사항
   10. 정관의 변경에 관한 사항
   11. 중요한 규정의 제정 및 변경에 관한 사항
   12. 기타 법령 또는 정관으로 이사회의 의결을 요하는 사항
   13. 전 각호 이외의 사항으로 이사회가 필요하다고 인정하는 사항
  ② 이사장은 다음 각 호의 사항을 이사회에 보고하여야 한다. (
   1. 국정감사, 회계감사 및 감사원 감사에서 지적된 사항과 그에 대한 조치 계획 및 실적
   2. 단체협약을 체결한 경우 그 결과와 그에 따른 예산 소요 추계
   3. 그 밖에 이사회가 기관장에게 보고하도록 요구하는 사항","1. 진흥재단의 이사회는 어떤 사항들을 의결하나요?
",,
,,,"제4장  이사회

제23조(이사회의 구성) ① 진흥재단의 중요사항을 의결하기 위하여 진흥재단에 이사회를 둔다. (
  ② 이사회는 이사장을 포함한 15인 이내의 이사로 구성된다.

제24조(이사회 의결 및 보고사항) ① 이사회는 다음사항을 의결한다. (
   1. 기구 및 직원의 정원에 관한 사항
   2. 지원시설, 부설기관, 분사무소, 해외사무소 등의 설치에 관한 사항
   3. 매회계년도 사업계획 및 예산의 승인에 관한 사항
   4. 전년도의 결산승인에 관한 사항
   5. 임원의 선임 및 해임에 관한 사항
   6. 기본재산 또는 중요재산의 취득․관리 및 처분에 관한 사항
   7. 차입금에 관한 사항
   8. 채권의 발행에 관한 사항
   9. 출자 및 출연에 관한 사항
   10. 정관의 변경에 관한 사항
   11. 중요한 규정의 제정 및 변경에 관한 사항
   12. 기타 법령 또는 정관으로 이사회의 의결을 요하는 사항
   13. 전 각호 이외의 사항으로 이사회가 필요하다고 인정하는 사항
  ② 이사장은 다음 각 호의 사항을 이사회에 보고하여야 한다. (
   1. 국정감사, 회계감사 및 감사원 감사에서 지적된 사항과 그에 대한 조치 계획 및 실적
   2. 단체협약을 체결한 경우 그 결과와 그에 따른 예산 소요 추계
   3. 그 밖에 이사회가 기관장에게 보고하도록 요구하는 사항",2. 이사회의 구성원은 몇 명인가요?,,
,,,"제4장  이사회

제23조(이사회의 구성) ① 진흥재단의 중요사항을 의결하기 위하여 진흥재단에 이사회를 둔다. (
  ② 이사회는 이사장을 포함한 15인 이내의 이사로 구성된다.

제24조(이사회 의결 및 보고사항) ① 이사회는 다음사항을 의결한다. (
   1. 기구 및 직원의 정원에 관한 사항
   2. 지원시설, 부설기관, 분사무소, 해외사무소 등의 설치에 관한 사항
   3. 매회계년도 사업계획 및 예산의 승인에 관한 사항
   4. 전년도의 결산승인에 관한 사항
   5. 임원의 선임 및 해임에 관한 사항
   6. 기본재산 또는 중요재산의 취득․관리 및 처분에 관한 사항
   7. 차입금에 관한 사항
   8. 채권의 발행에 관한 사항
   9. 출자 및 출연에 관한 사항
   10. 정관의 변경에 관한 사항
   11. 중요한 규정의 제정 및 변경에 관한 사항
   12. 기타 법령 또는 정관으로 이사회의 의결을 요하는 사항
   13. 전 각호 이외의 사항으로 이사회가 필요하다고 인정하는 사항
  ② 이사장은 다음 각 호의 사항을 이사회에 보고하여야 한다. (
   1. 국정감사, 회계감사 및 감사원 감사에서 지적된 사항과 그에 대한 조치 계획 및 실적
   2. 단체협약을 체결한 경우 그 결과와 그에 따른 예산 소요 추계
   3. 그 밖에 이사회가 기관장에게 보고하도록 요구하는 사항",3. 이사장이 이사회에 보고해야 하는 사항들은 무엇인가요?,,
18,18,,"제25조(이사회의 소집 등) ① 이사회는 정기이사회와 임시이사회로 한다.
  ② 정기이사회는 매년 2월과 12월에 개최하고, 임시이사회는 감사 또는 이사 과반수의 요구가 있거나 이사장이 필요하다고 인정할 경우 소집한다. (
  ③ 이사장은 이사회를 소집하고 그 의장이 된다. (
  ④ 이사장이 이사회를 소집하고자 할 때에는 회의개최 7일전에 회의의 목적과 개최일시 및 장소를 각 이사와 감사에게 통지하여야 한다. 다만, 이사장이 긴급을 요하는 사항이라고 인정한 경우에는 회의개최 전일까지 본 항에 규정한 내용을 통지하고 이사회를 소집할 수 있다.
  ⑤ 이사회의 의결은 법령 또는 정관으로 따로 정한 경우를 제외하고는 재적이사 과반수의 출석으로 개의하고, 출석이사 과반수의 찬성으로 의결한다. 
  ⑥ 당연직이사는 그가 지명한 대리인에게 의결권을 위임할 수 있다.
  ⑦ 이사회 의결사항 중 이사장이 경미하다고 인정하는 사항에 관하여는 서면으로 의결할 수 있다. 이 경우 그 결과를 이사 전원에게 즉시 통지하고, 차기이사회에 그 결과를 보고하여야 한다.","1. 정기이사회와 임시이사회는 어떻게 소집되나요?

",,
,,,"제25조(이사회의 소집 등) ① 이사회는 정기이사회와 임시이사회로 한다.
  ② 정기이사회는 매년 2월과 12월에 개최하고, 임시이사회는 감사 또는 이사 과반수의 요구가 있거나 이사장이 필요하다고 인정할 경우 소집한다. (
  ③ 이사장은 이사회를 소집하고 그 의장이 된다. (
  ④ 이사장이 이사회를 소집하고자 할 때에는 회의개최 7일전에 회의의 목적과 개최일시 및 장소를 각 이사와 감사에게 통지하여야 한다. 다만, 이사장이 긴급을 요하는 사항이라고 인정한 경우에는 회의개최 전일까지 본 항에 규정한 내용을 통지하고 이사회를 소집할 수 있다.
  ⑤ 이사회의 의결은 법령 또는 정관으로 따로 정한 경우를 제외하고는 재적이사 과반수의 출석으로 개의하고, 출석이사 과반수의 찬성으로 의결한다. 
  ⑥ 당연직이사는 그가 지명한 대리인에게 의결권을 위임할 수 있다.
  ⑦ 이사회 의결사항 중 이사장이 경미하다고 인정하는 사항에 관하여는 서면으로 의결할 수 있다. 이 경우 그 결과를 이사 전원에게 즉시 통지하고, 차기이사회에 그 결과를 보고하여야 한다.",2. 이사회를 소집하려면 어떤 절차를 따라야 하나요?,,
,,,"제25조(이사회의 소집 등) ① 이사회는 정기이사회와 임시이사회로 한다.
  ② 정기이사회는 매년 2월과 12월에 개최하고, 임시이사회는 감사 또는 이사 과반수의 요구가 있거나 이사장이 필요하다고 인정할 경우 소집한다. (
  ③ 이사장은 이사회를 소집하고 그 의장이 된다. (
  ④ 이사장이 이사회를 소집하고자 할 때에는 회의개최 7일전에 회의의 목적과 개최일시 및 장소를 각 이사와 감사에게 통지하여야 한다. 다만, 이사장이 긴급을 요하는 사항이라고 인정한 경우에는 회의개최 전일까지 본 항에 규정한 내용을 통지하고 이사회를 소집할 수 있다.
  ⑤ 이사회의 의결은 법령 또는 정관으로 따로 정한 경우를 제외하고는 재적이사 과반수의 출석으로 개의하고, 출석이사 과반수의 찬성으로 의결한다. 
  ⑥ 당연직이사는 그가 지명한 대리인에게 의결권을 위임할 수 있다.
  ⑦ 이사회 의결사항 중 이사장이 경미하다고 인정하는 사항에 관하여는 서면으로 의결할 수 있다. 이 경우 그 결과를 이사 전원에게 즉시 통지하고, 차기이사회에 그 결과를 보고하여야 한다.",3. 이사회의 의결은 어떻게 이루어지나요?,,
19,19,,"제26조(이사회의 간사 등) 이사회의 회무를 처리하기 위하여 간사와 약간인의 서기를 두되, 진흥재단의 직원 중에서 이사장이 임명한다. 이 경우에 이사회 직무에 대한 보수는 따로 지급하지 아니한다. (

제27조(이사회의 의사록) 이사장은 이사회의 의사결과를 기재한 의사록을 작성하여 이사장 및 출석이사 2인 이상이 기명날인하여 보존하여야 하며, 그 사본을 각 이사와 감사에게 배부하여야 한다.

제28조(이사회운영규정) 이사회는 필요하다고 인정할 경우에는 이사회운영규정을 정할 수 있다.","1. 이사회의 회무를 처리하기 위해 누가 간사와 서기를 임명하나요?

",,
,,,"제26조(이사회의 간사 등) 이사회의 회무를 처리하기 위하여 간사와 약간인의 서기를 두되, 진흥재단의 직원 중에서 이사장이 임명한다. 이 경우에 이사회 직무에 대한 보수는 따로 지급하지 아니한다. (

제27조(이사회의 의사록) 이사장은 이사회의 의사결과를 기재한 의사록을 작성하여 이사장 및 출석이사 2인 이상이 기명날인하여 보존하여야 하며, 그 사본을 각 이사와 감사에게 배부하여야 한다.

제28조(이사회운영규정) 이사회는 필요하다고 인정할 경우에는 이사회운영규정을 정할 수 있다.",2. 이사회의 의사록 작성 후 어떤 절차를 거쳐야 하나요?,,
,,,"제26조(이사회의 간사 등) 이사회의 회무를 처리하기 위하여 간사와 약간인의 서기를 두되, 진흥재단의 직원 중에서 이사장이 임명한다. 이 경우에 이사회 직무에 대한 보수는 따로 지급하지 아니한다. (

제27조(이사회의 의사록) 이사장은 이사회의 의사결과를 기재한 의사록을 작성하여 이사장 및 출석이사 2인 이상이 기명날인하여 보존하여야 하며, 그 사본을 각 이사와 감사에게 배부하여야 한다.

제28조(이사회운영규정) 이사회는 필요하다고 인정할 경우에는 이사회운영규정을 정할 수 있다.",3. 이사회운영규정을 정하는 경우는 어떤 경우인가요?,,
20,20,,"제5장  직  원

제29조(직원의 임면) ① 직원은 진흥재단 인사규정에 따라 이사장이 임면한다. 
  (
  ② 이사장은 필요한 경우에는 계약 또는 임시로 직원을 채용할 수 있다.
  ③ 진흥재단의 직제, 정원, 직원의 임면, 승진, 보수, 복무기준, 징계 등 필요한 사항은 따로 규정으로 정한다.

제30조(공무원의 파견요청 등) ① 이사장은 진흥재단의 업무수행을 위하여 관계행정기관에 파견을 요청하고자 하는 경우에는 과학기술정보통신부장관과 미리 협의하여야 한다. (
  ② 진흥재단은 제1항에 따라 협의를 요청하는 경우 파견인원․파견기간․파견요청사유 및 자격요건을 기재한 서류를 과학기술정보통신부장관에게 제출하여야 한다. 
  ( ( 
  ③ 이사장은 진흥재단에 파견된 공무원에게 그 직급에 상응하는 진흥재단의 직위를 부여할 수 있다. (
  ④ 제2항에 의한 공무원은 파견기간 중 이사장의 지휘․감독을 받으며 진흥재단의 정관 및 제 규정을 준수하고 그 직무를 성실히 수행하여야 한다. (","1. 진흥재단의 직원은 어떤 방식으로 임면되나요?

",,
,,,"제5장  직  원

제29조(직원의 임면) ① 직원은 진흥재단 인사규정에 따라 이사장이 임면한다. 
  (
  ② 이사장은 필요한 경우에는 계약 또는 임시로 직원을 채용할 수 있다.
  ③ 진흥재단의 직제, 정원, 직원의 임면, 승진, 보수, 복무기준, 징계 등 필요한 사항은 따로 규정으로 정한다.

제30조(공무원의 파견요청 등) ① 이사장은 진흥재단의 업무수행을 위하여 관계행정기관에 파견을 요청하고자 하는 경우에는 과학기술정보통신부장관과 미리 협의하여야 한다. (
  ② 진흥재단은 제1항에 따라 협의를 요청하는 경우 파견인원․파견기간․파견요청사유 및 자격요건을 기재한 서류를 과학기술정보통신부장관에게 제출하여야 한다. 
  ( ( 
  ③ 이사장은 진흥재단에 파견된 공무원에게 그 직급에 상응하는 진흥재단의 직위를 부여할 수 있다. (
  ④ 제2항에 의한 공무원은 파견기간 중 이사장의 지휘․감독을 받으며 진흥재단의 정관 및 제 규정을 준수하고 그 직무를 성실히 수행하여야 한다. (",2. 진흥재단의 이사장이 공무원을 파견 요청하려면 어떤 절차를 거쳐야 하나요?,,
,,,"제5장  직  원

제29조(직원의 임면) ① 직원은 진흥재단 인사규정에 따라 이사장이 임면한다. 
  (
  ② 이사장은 필요한 경우에는 계약 또는 임시로 직원을 채용할 수 있다.
  ③ 진흥재단의 직제, 정원, 직원의 임면, 승진, 보수, 복무기준, 징계 등 필요한 사항은 따로 규정으로 정한다.

제30조(공무원의 파견요청 등) ① 이사장은 진흥재단의 업무수행을 위하여 관계행정기관에 파견을 요청하고자 하는 경우에는 과학기술정보통신부장관과 미리 협의하여야 한다. (
  ② 진흥재단은 제1항에 따라 협의를 요청하는 경우 파견인원․파견기간․파견요청사유 및 자격요건을 기재한 서류를 과학기술정보통신부장관에게 제출하여야 한다. 
  ( ( 
  ③ 이사장은 진흥재단에 파견된 공무원에게 그 직급에 상응하는 진흥재단의 직위를 부여할 수 있다. (
  ④ 제2항에 의한 공무원은 파견기간 중 이사장의 지휘․감독을 받으며 진흥재단의 정관 및 제 규정을 준수하고 그 직무를 성실히 수행하여야 한다. (",3. 파견된 공무원은 어떤 규정을 준수하며 직무를 수행해야 하나요?,,
21,21,,"제6장  보  칙

제31조(비밀엄수의 의무) 진흥재단의 임원이나 직원 또는 그 직에 있던 사람은 직무상 알게 된 비밀을 타인 또는 자기의 이익을 도모하기 위하여 타인에게 누설하거나 도용하여서는 아니 된다. (

제32조(정관의 변경) ① 진흥재단의 정관은 이사회의 의결을 거쳐 과학기술정보통신부장관의 인가를 받아 변경할 수 있다. (
  ② 제1항의 의결은 재적이사 3분의 2이상의 찬성으로 한다.

제33조(해산) ① 진흥재단을 해산하고자 할 때에는 이사회에서 재적이사 3분의 2이상의 의결을 거쳐 과학기술정보통신부장관의 승인을 얻어야 한다. 
  (
  ② 진흥재단이 해산하는 경우 잔여재산은 이사회의 의결을 거쳐 주무관청의 허가를 얻어 국가‧지방자치단체 또는 유사한 목적을 가진 다른 비영리법인에 귀속하도록 하며, 정관에 명시되지 않은 내용에 관해서는 「공익법인의 설립‧운영에 관한 법률」의 규정을 준용한다. (","1. 진흥재단의 임원이나 직원이 직무상 알게 된 비밀을 누설하거나 도용하는 경우에 대한 규정은 무엇인가요?

",,
,,,"제6장  보  칙

제31조(비밀엄수의 의무) 진흥재단의 임원이나 직원 또는 그 직에 있던 사람은 직무상 알게 된 비밀을 타인 또는 자기의 이익을 도모하기 위하여 타인에게 누설하거나 도용하여서는 아니 된다. (

제32조(정관의 변경) ① 진흥재단의 정관은 이사회의 의결을 거쳐 과학기술정보통신부장관의 인가를 받아 변경할 수 있다. (
  ② 제1항의 의결은 재적이사 3분의 2이상의 찬성으로 한다.

제33조(해산) ① 진흥재단을 해산하고자 할 때에는 이사회에서 재적이사 3분의 2이상의 의결을 거쳐 과학기술정보통신부장관의 승인을 얻어야 한다. 
  (
  ② 진흥재단이 해산하는 경우 잔여재산은 이사회의 의결을 거쳐 주무관청의 허가를 얻어 국가‧지방자치단체 또는 유사한 목적을 가진 다른 비영리법인에 귀속하도록 하며, 정관에 명시되지 않은 내용에 관해서는 「공익법인의 설립‧운영에 관한 법률」의 규정을 준용한다. (",2. 진흥재단의 정관 변경은 어떤 절차를 거치는지 설명해주세요.,,
,,,"제6장  보  칙

제31조(비밀엄수의 의무) 진흥재단의 임원이나 직원 또는 그 직에 있던 사람은 직무상 알게 된 비밀을 타인 또는 자기의 이익을 도모하기 위하여 타인에게 누설하거나 도용하여서는 아니 된다. (

제32조(정관의 변경) ① 진흥재단의 정관은 이사회의 의결을 거쳐 과학기술정보통신부장관의 인가를 받아 변경할 수 있다. (
  ② 제1항의 의결은 재적이사 3분의 2이상의 찬성으로 한다.

제33조(해산) ① 진흥재단을 해산하고자 할 때에는 이사회에서 재적이사 3분의 2이상의 의결을 거쳐 과학기술정보통신부장관의 승인을 얻어야 한다. 
  (
  ② 진흥재단이 해산하는 경우 잔여재산은 이사회의 의결을 거쳐 주무관청의 허가를 얻어 국가‧지방자치단체 또는 유사한 목적을 가진 다른 비영리법인에 귀속하도록 하며, 정관에 명시되지 않은 내용에 관해서는 「공익법인의 설립‧운영에 관한 법률」의 규정을 준용한다. (",3. 진흥재단이 해산될 경우 잔여재산은 어떻게 처리되는지 설명해주세요.,,
22,22,,"제34조(공고의 방법 등) 법령 또는 이 정관의 규정에 의하여 공고 또는 고시하여야 할 사항은 일간신문에 게재하여야 한다.

제35조(규정의 제정 등) 이 정관에 정하지 않은 사항으로서 진흥재단의 운영 및 사업에 필요한 사항은 이사장이 따로 정할 수 있다.  다만, 인사․급여․회계․직제규정 및 이사회가 필요하다고 인정하는 규정에 대하여는 이사회의 의결을 거쳐야 한다. (

제36조(위원회의 설치) 이사장은 진흥재단의 업무처리를 위해 필요하다고 인정될 때에는 위원회를 설치할 수 있다. (

제37조(자문기구의 운영) 진흥재단의 발전에 관한 주요사항 및 사업에 대하여 이사장의 자문에 응하게 하기 위하여 자문기구를 설치․운영할 수 있다. (","1) 법령 또는 정관의 규정에 따라 공고 또는 고시해야 할 사항은 어떤 방법으로 공지해야 하는가?

",,
,,,"제34조(공고의 방법 등) 법령 또는 이 정관의 규정에 의하여 공고 또는 고시하여야 할 사항은 일간신문에 게재하여야 한다.

제35조(규정의 제정 등) 이 정관에 정하지 않은 사항으로서 진흥재단의 운영 및 사업에 필요한 사항은 이사장이 따로 정할 수 있다.  다만, 인사․급여․회계․직제규정 및 이사회가 필요하다고 인정하는 규정에 대하여는 이사회의 의결을 거쳐야 한다. (

제36조(위원회의 설치) 이사장은 진흥재단의 업무처리를 위해 필요하다고 인정될 때에는 위원회를 설치할 수 있다. (

제37조(자문기구의 운영) 진흥재단의 발전에 관한 주요사항 및 사업에 대하여 이사장의 자문에 응하게 하기 위하여 자문기구를 설치․운영할 수 있다. (",2) 진흥재단의 운영 및 사업에 필요한 사항 중 이사회의 의결을 필요로 하는 규정은 무엇인가?,,
,,,"제34조(공고의 방법 등) 법령 또는 이 정관의 규정에 의하여 공고 또는 고시하여야 할 사항은 일간신문에 게재하여야 한다.

제35조(규정의 제정 등) 이 정관에 정하지 않은 사항으로서 진흥재단의 운영 및 사업에 필요한 사항은 이사장이 따로 정할 수 있다.  다만, 인사․급여․회계․직제규정 및 이사회가 필요하다고 인정하는 규정에 대하여는 이사회의 의결을 거쳐야 한다. (

제36조(위원회의 설치) 이사장은 진흥재단의 업무처리를 위해 필요하다고 인정될 때에는 위원회를 설치할 수 있다. (

제37조(자문기구의 운영) 진흥재단의 발전에 관한 주요사항 및 사업에 대하여 이사장의 자문에 응하게 하기 위하여 자문기구를 설치․운영할 수 있다. (",3) 이사장이 진흥재단의 업무처리를 위해 설치할 수 있는 기구는 무엇인가?,,
23,23,,"이사회운영규정


제1조(목적) 이 규정은 연구개발특구진흥재단(이하 “진흥재단”이라 한다) 정관 제28조의 규정에 의하여 이사회의 운영에 관하여 필요한 사항을 정함을 목적으로 한다. (

제2조(이사회의 구분) 이사회는 정기이사회와 임시이사회로 구분한다.

제3조(이사회의 소집) ① 정기이사회는 매년도 12월에 다음연도 사업계획 및 예산 심의를 위한 이사회(이하 “예산이사회”라 한다)를, 매년도 2월에 전년도 사업실적 및 결산 심의를 위한 이사회(이하 “결산이사회”라 한다)를 소집한다. (
  ② 임시이사회는 감사 또는 이사 과반수의 요구가 있거나 이사장이 필요하다고 인정할 때 이를 소집한다.
  ③ 이사장이 이사회를 소집하고자 할 때에는 회의개최 7일전에 일시, 장소 및 회의 목적을 서면으로 각 이사 및 감사에게 통지하여야 한다.
  ④ 이사장이 긴급을 요하는 사항이라고 인정한 때에는 회의개최 전일까지 제3항의 내용을 통지하고 이사회를 소집할 수 있다. (
  ⑤ 이사장이 유고시에는 당연직 이사 중 과학기술정보통신부 당연직 이사, 이사회에서 선임하는 자의 순서로 그 직무를 대행한다. (
  ⑥ 이사장은 원칙적으로 회의 개최 7일 전(안건이 다음 연도 예산안인 경우는 15일 전)까지 회의의 구성원에게 이사회의 안건을 송부하여야 한다. 다만, 긴급을 요하거나 부득이한 사유가 있을 때에는 그러하지 아니하다. (","1. 연구개발특구진흥재단의 이사회는 어떤 종류로 구분되나요?

",,
,,,"이사회운영규정


제1조(목적) 이 규정은 연구개발특구진흥재단(이하 “진흥재단”이라 한다) 정관 제28조의 규정에 의하여 이사회의 운영에 관하여 필요한 사항을 정함을 목적으로 한다. (

제2조(이사회의 구분) 이사회는 정기이사회와 임시이사회로 구분한다.

제3조(이사회의 소집) ① 정기이사회는 매년도 12월에 다음연도 사업계획 및 예산 심의를 위한 이사회(이하 “예산이사회”라 한다)를, 매년도 2월에 전년도 사업실적 및 결산 심의를 위한 이사회(이하 “결산이사회”라 한다)를 소집한다. (
  ② 임시이사회는 감사 또는 이사 과반수의 요구가 있거나 이사장이 필요하다고 인정할 때 이를 소집한다.
  ③ 이사장이 이사회를 소집하고자 할 때에는 회의개최 7일전에 일시, 장소 및 회의 목적을 서면으로 각 이사 및 감사에게 통지하여야 한다.
  ④ 이사장이 긴급을 요하는 사항이라고 인정한 때에는 회의개최 전일까지 제3항의 내용을 통지하고 이사회를 소집할 수 있다. (
  ⑤ 이사장이 유고시에는 당연직 이사 중 과학기술정보통신부 당연직 이사, 이사회에서 선임하는 자의 순서로 그 직무를 대행한다. (
  ⑥ 이사장은 원칙적으로 회의 개최 7일 전(안건이 다음 연도 예산안인 경우는 15일 전)까지 회의의 구성원에게 이사회의 안건을 송부하여야 한다. 다만, 긴급을 요하거나 부득이한 사유가 있을 때에는 그러하지 아니하다. (",2. 정기이사회와 임시이사회는 각각 어떤 경우에 소집되나요?,,
,,,"이사회운영규정


제1조(목적) 이 규정은 연구개발특구진흥재단(이하 “진흥재단”이라 한다) 정관 제28조의 규정에 의하여 이사회의 운영에 관하여 필요한 사항을 정함을 목적으로 한다. (

제2조(이사회의 구분) 이사회는 정기이사회와 임시이사회로 구분한다.

제3조(이사회의 소집) ① 정기이사회는 매년도 12월에 다음연도 사업계획 및 예산 심의를 위한 이사회(이하 “예산이사회”라 한다)를, 매년도 2월에 전년도 사업실적 및 결산 심의를 위한 이사회(이하 “결산이사회”라 한다)를 소집한다. (
  ② 임시이사회는 감사 또는 이사 과반수의 요구가 있거나 이사장이 필요하다고 인정할 때 이를 소집한다.
  ③ 이사장이 이사회를 소집하고자 할 때에는 회의개최 7일전에 일시, 장소 및 회의 목적을 서면으로 각 이사 및 감사에게 통지하여야 한다.
  ④ 이사장이 긴급을 요하는 사항이라고 인정한 때에는 회의개최 전일까지 제3항의 내용을 통지하고 이사회를 소집할 수 있다. (
  ⑤ 이사장이 유고시에는 당연직 이사 중 과학기술정보통신부 당연직 이사, 이사회에서 선임하는 자의 순서로 그 직무를 대행한다. (
  ⑥ 이사장은 원칙적으로 회의 개최 7일 전(안건이 다음 연도 예산안인 경우는 15일 전)까지 회의의 구성원에게 이사회의 안건을 송부하여야 한다. 다만, 긴급을 요하거나 부득이한 사유가 있을 때에는 그러하지 아니하다. (",3. 이사회를 소집하고자 할 때 이사장이 준수해야 하는 절차와 규정은 무엇인가요?,,
24,24,,"제4조(이사장) 이사장은 이사회를 소집하고, 그 의장이 된다.

제5조(의사) ① 이사회는 재적이사 과반수의 출석으로 개의한다.
  ② 이사회는 법령 또는 정관에 특별한 규정이 없는 한 출석이사 과반수의 찬성으로 의결한다.
  ③ 감사는 이사회에 출석하여 의견을 진술할 수 있다.

제6조(의결권의 위임) 당연직 이사는 그가 지명한 대리인에게 위임시켜 의결권을 행사하게 할 수 있다.

제7조(이사회의 의결 및 보고사항) ① 이사회는 다음 사항을 의결한다.
  1. 기구 및 직원의 정원에 관한 사항
  2. 지원시설, 부설기관, 분사무소, 해외사무소등의 설치에 관한 사항
  3. 매 회계연도의 사업계획 및 예산승인에 관한 사항
  4. 전년도의 결산승인에 관한 사항
  5. 임원의 선임 및 해임에 관한 사항
  6. 기본재산 또는 중요재산의 취득관리 및 처분에 관한 사항
  7. 차입금에 관한 사항
  8. 채권의 발행에 관한 사항
  9. 출자 및 출연에 관한 사항
  10. 정관의 변경에 관한 사항
  11. 중요한 규정의 제정 또는 변경에 관한 사항
  12. 기타 법령 또는 정관으로 이사회의 의결을 요하는 사항
  13. 전 각 호 이외의 사항으로서 이사회가 필요하다고 인정하는 사항
  ② 이사장은 다음 각 호의 사항을 이사회에 보고하여야 한다. (
   1. 국정감사, 회계감사 및 감사원 감사에서 지적된 사항과 그에 대한 조치 계획 및 실적
   2. 단체협약을 체결한 경우 그 결과와 그에 따른 예산 소요 추계
   3. 그 밖에 이사회가 기관장에게 보고하도록 요구하는 사항","1. 이사회의 의장은 누가 되는가?

",,
,,,"제4조(이사장) 이사장은 이사회를 소집하고, 그 의장이 된다.

제5조(의사) ① 이사회는 재적이사 과반수의 출석으로 개의한다.
  ② 이사회는 법령 또는 정관에 특별한 규정이 없는 한 출석이사 과반수의 찬성으로 의결한다.
  ③ 감사는 이사회에 출석하여 의견을 진술할 수 있다.

제6조(의결권의 위임) 당연직 이사는 그가 지명한 대리인에게 위임시켜 의결권을 행사하게 할 수 있다.

제7조(이사회의 의결 및 보고사항) ① 이사회는 다음 사항을 의결한다.
  1. 기구 및 직원의 정원에 관한 사항
  2. 지원시설, 부설기관, 분사무소, 해외사무소등의 설치에 관한 사항
  3. 매 회계연도의 사업계획 및 예산승인에 관한 사항
  4. 전년도의 결산승인에 관한 사항
  5. 임원의 선임 및 해임에 관한 사항
  6. 기본재산 또는 중요재산의 취득관리 및 처분에 관한 사항
  7. 차입금에 관한 사항
  8. 채권의 발행에 관한 사항
  9. 출자 및 출연에 관한 사항
  10. 정관의 변경에 관한 사항
  11. 중요한 규정의 제정 또는 변경에 관한 사항
  12. 기타 법령 또는 정관으로 이사회의 의결을 요하는 사항
  13. 전 각 호 이외의 사항으로서 이사회가 필요하다고 인정하는 사항
  ② 이사장은 다음 각 호의 사항을 이사회에 보고하여야 한다. (
   1. 국정감사, 회계감사 및 감사원 감사에서 지적된 사항과 그에 대한 조치 계획 및 실적
   2. 단체협약을 체결한 경우 그 결과와 그에 따른 예산 소요 추계
   3. 그 밖에 이사회가 기관장에게 보고하도록 요구하는 사항",2. 이사회의 의결은 어떤 방식으로 이루어지는가?,,
,,,"제4조(이사장) 이사장은 이사회를 소집하고, 그 의장이 된다.

제5조(의사) ① 이사회는 재적이사 과반수의 출석으로 개의한다.
  ② 이사회는 법령 또는 정관에 특별한 규정이 없는 한 출석이사 과반수의 찬성으로 의결한다.
  ③ 감사는 이사회에 출석하여 의견을 진술할 수 있다.

제6조(의결권의 위임) 당연직 이사는 그가 지명한 대리인에게 위임시켜 의결권을 행사하게 할 수 있다.

제7조(이사회의 의결 및 보고사항) ① 이사회는 다음 사항을 의결한다.
  1. 기구 및 직원의 정원에 관한 사항
  2. 지원시설, 부설기관, 분사무소, 해외사무소등의 설치에 관한 사항
  3. 매 회계연도의 사업계획 및 예산승인에 관한 사항
  4. 전년도의 결산승인에 관한 사항
  5. 임원의 선임 및 해임에 관한 사항
  6. 기본재산 또는 중요재산의 취득관리 및 처분에 관한 사항
  7. 차입금에 관한 사항
  8. 채권의 발행에 관한 사항
  9. 출자 및 출연에 관한 사항
  10. 정관의 변경에 관한 사항
  11. 중요한 규정의 제정 또는 변경에 관한 사항
  12. 기타 법령 또는 정관으로 이사회의 의결을 요하는 사항
  13. 전 각 호 이외의 사항으로서 이사회가 필요하다고 인정하는 사항
  ② 이사장은 다음 각 호의 사항을 이사회에 보고하여야 한다. (
   1. 국정감사, 회계감사 및 감사원 감사에서 지적된 사항과 그에 대한 조치 계획 및 실적
   2. 단체협약을 체결한 경우 그 결과와 그에 따른 예산 소요 추계
   3. 그 밖에 이사회가 기관장에게 보고하도록 요구하는 사항",3. 이사회에서 의결되어야 하는 주요 사항들은 무엇인가?,,
25,25,,"제7조(이사회의 의결 및 보고사항) ① 이사회는 다음 사항을 의결한다.
  1. 기구 및 직원의 정원에 관한 사항
  2. 지원시설, 부설기관, 분사무소, 해외사무소등의 설치에 관한 사항
  3. 매 회계연도의 사업계획 및 예산승인에 관한 사항
  4. 전년도의 결산승인에 관한 사항
  5. 임원의 선임 및 해임에 관한 사항
  6. 기본재산 또는 중요재산의 취득관리 및 처분에 관한 사항
  7. 차입금에 관한 사항
  8. 채권의 발행에 관한 사항
  9. 출자 및 출연에 관한 사항
  10. 정관의 변경에 관한 사항
  11. 중요한 규정의 제정 또는 변경에 관한 사항
  12. 기타 법령 또는 정관으로 이사회의 의결을 요하는 사항
  13. 전 각 호 이외의 사항으로서 이사회가 필요하다고 인정하는 사항
  ② 이사장은 다음 각 호의 사항을 이사회에 보고하여야 한다. (
   1. 국정감사, 회계감사 및 감사원 감사에서 지적된 사항과 그에 대한 조치 계획 및 실적
   2. 단체협약을 체결한 경우 그 결과와 그에 따른 예산 소요 추계
   3. 그 밖에 이사회가 기관장에게 보고하도록 요구하는 사항
  [제목변경 2018.05.02]

제7조의2(제척과 회피) ① 특구재단의 이사가 다음 각 호의 어느 하나에 해당하는 경우에는 해당 안건에 관한 이사회의 심의·의결에서 제척된다.
   1. 이사 또는 이사의 친족이나 친족이었던 사람과 이해관계가 있는 경우
   2. 이사가 최근 3년 이내에 해당 안건과 관련된 법인이나 단체 등에 재직하였던 경우
  ② 이사가 제1항 각 호의 어느 하나에 해당하는 경우에는 스스로 해당 안건의 심의·의결에서 회피하여야 한다.","1. 이사회가 의결해야 하는 사항들은 무엇인가요?

",,
,,,"제7조(이사회의 의결 및 보고사항) ① 이사회는 다음 사항을 의결한다.
  1. 기구 및 직원의 정원에 관한 사항
  2. 지원시설, 부설기관, 분사무소, 해외사무소등의 설치에 관한 사항
  3. 매 회계연도의 사업계획 및 예산승인에 관한 사항
  4. 전년도의 결산승인에 관한 사항
  5. 임원의 선임 및 해임에 관한 사항
  6. 기본재산 또는 중요재산의 취득관리 및 처분에 관한 사항
  7. 차입금에 관한 사항
  8. 채권의 발행에 관한 사항
  9. 출자 및 출연에 관한 사항
  10. 정관의 변경에 관한 사항
  11. 중요한 규정의 제정 또는 변경에 관한 사항
  12. 기타 법령 또는 정관으로 이사회의 의결을 요하는 사항
  13. 전 각 호 이외의 사항으로서 이사회가 필요하다고 인정하는 사항
  ② 이사장은 다음 각 호의 사항을 이사회에 보고하여야 한다. (
   1. 국정감사, 회계감사 및 감사원 감사에서 지적된 사항과 그에 대한 조치 계획 및 실적
   2. 단체협약을 체결한 경우 그 결과와 그에 따른 예산 소요 추계
   3. 그 밖에 이사회가 기관장에게 보고하도록 요구하는 사항
  [제목변경 2018.05.02]

제7조의2(제척과 회피) ① 특구재단의 이사가 다음 각 호의 어느 하나에 해당하는 경우에는 해당 안건에 관한 이사회의 심의·의결에서 제척된다.
   1. 이사 또는 이사의 친족이나 친족이었던 사람과 이해관계가 있는 경우
   2. 이사가 최근 3년 이내에 해당 안건과 관련된 법인이나 단체 등에 재직하였던 경우
  ② 이사가 제1항 각 호의 어느 하나에 해당하는 경우에는 스스로 해당 안건의 심의·의결에서 회피하여야 한다.",2. 이사장이 이사회에 보고해야 하는 사항들은 무엇인가요?,,
,,,"제7조(이사회의 의결 및 보고사항) ① 이사회는 다음 사항을 의결한다.
  1. 기구 및 직원의 정원에 관한 사항
  2. 지원시설, 부설기관, 분사무소, 해외사무소등의 설치에 관한 사항
  3. 매 회계연도의 사업계획 및 예산승인에 관한 사항
  4. 전년도의 결산승인에 관한 사항
  5. 임원의 선임 및 해임에 관한 사항
  6. 기본재산 또는 중요재산의 취득관리 및 처분에 관한 사항
  7. 차입금에 관한 사항
  8. 채권의 발행에 관한 사항
  9. 출자 및 출연에 관한 사항
  10. 정관의 변경에 관한 사항
  11. 중요한 규정의 제정 또는 변경에 관한 사항
  12. 기타 법령 또는 정관으로 이사회의 의결을 요하는 사항
  13. 전 각 호 이외의 사항으로서 이사회가 필요하다고 인정하는 사항
  ② 이사장은 다음 각 호의 사항을 이사회에 보고하여야 한다. (
   1. 국정감사, 회계감사 및 감사원 감사에서 지적된 사항과 그에 대한 조치 계획 및 실적
   2. 단체협약을 체결한 경우 그 결과와 그에 따른 예산 소요 추계
   3. 그 밖에 이사회가 기관장에게 보고하도록 요구하는 사항
  [제목변경 2018.05.02]

제7조의2(제척과 회피) ① 특구재단의 이사가 다음 각 호의 어느 하나에 해당하는 경우에는 해당 안건에 관한 이사회의 심의·의결에서 제척된다.
   1. 이사 또는 이사의 친족이나 친족이었던 사람과 이해관계가 있는 경우
   2. 이사가 최근 3년 이내에 해당 안건과 관련된 법인이나 단체 등에 재직하였던 경우
  ② 이사가 제1항 각 호의 어느 하나에 해당하는 경우에는 스스로 해당 안건의 심의·의결에서 회피하여야 한다.",3. 특구재단의 이사가 이사회의 심의·의결에서 제척되는 경우는 어떤 경우인가요?,,
26,26,,"제8조(서면의결) 제7조에 의한 이사회의 의결사항중 이사장이 경미하다고 인정하는 사항 및 긴급을 요하는 사항에 대하여는 이사회를 소집하지 아니하고, 서면으로 의결할 수 있다. 이 경우 그 결과를 이사 전원에게 즉시 통지하고, 차기이사회에 그 결과를 보고하여야 한다. (

제9조(소위원회) ① 이사회는 특히 필요하다고 인정한 안건을 심의하게 하기 위하여 소위원회를 둘 수 있다.
  ② 소위원회는 이사장이 지명하는 이사를 위원장으로 하여 5인 이내로 구성하고 심의 결과를 차기 이사회에 보고하여야 한다.

제10조(보조기구) ① 이사회는 진흥재단의 주요 정책개발 및 안건 심의를 보조하기 위하여 관련분야 전문가로 구성된 전문위원회를 설치 운영할 수 있다. (
  ② 제1항에 의거 구성되는 전문위원회는 이사장이 지명하는 이사를 위원장으로 하고 심의결과는 차기이사회에 보고하여야 한다.","1. 제8조에 따르면, 어떤 사항에 대해 이사회를 소집하지 않고 서면으로 의결할 수 있나요?

",,
,,,"제8조(서면의결) 제7조에 의한 이사회의 의결사항중 이사장이 경미하다고 인정하는 사항 및 긴급을 요하는 사항에 대하여는 이사회를 소집하지 아니하고, 서면으로 의결할 수 있다. 이 경우 그 결과를 이사 전원에게 즉시 통지하고, 차기이사회에 그 결과를 보고하여야 한다. (

제9조(소위원회) ① 이사회는 특히 필요하다고 인정한 안건을 심의하게 하기 위하여 소위원회를 둘 수 있다.
  ② 소위원회는 이사장이 지명하는 이사를 위원장으로 하여 5인 이내로 구성하고 심의 결과를 차기 이사회에 보고하여야 한다.

제10조(보조기구) ① 이사회는 진흥재단의 주요 정책개발 및 안건 심의를 보조하기 위하여 관련분야 전문가로 구성된 전문위원회를 설치 운영할 수 있다. (
  ② 제1항에 의거 구성되는 전문위원회는 이사장이 지명하는 이사를 위원장으로 하고 심의결과는 차기이사회에 보고하여야 한다.","2. 제9조에 따르면, 소위원회의 구성원 수는 몇 명인가요?",,
,,,"제8조(서면의결) 제7조에 의한 이사회의 의결사항중 이사장이 경미하다고 인정하는 사항 및 긴급을 요하는 사항에 대하여는 이사회를 소집하지 아니하고, 서면으로 의결할 수 있다. 이 경우 그 결과를 이사 전원에게 즉시 통지하고, 차기이사회에 그 결과를 보고하여야 한다. (

제9조(소위원회) ① 이사회는 특히 필요하다고 인정한 안건을 심의하게 하기 위하여 소위원회를 둘 수 있다.
  ② 소위원회는 이사장이 지명하는 이사를 위원장으로 하여 5인 이내로 구성하고 심의 결과를 차기 이사회에 보고하여야 한다.

제10조(보조기구) ① 이사회는 진흥재단의 주요 정책개발 및 안건 심의를 보조하기 위하여 관련분야 전문가로 구성된 전문위원회를 설치 운영할 수 있다. (
  ② 제1항에 의거 구성되는 전문위원회는 이사장이 지명하는 이사를 위원장으로 하고 심의결과는 차기이사회에 보고하여야 한다.","3. 제10조에 따르면, 이사회는 어떤 목적으로 전문위원회를 설치 운영할 수 있나요?",,
27,27,,"제11조(수당) 이사회에 참석한 이사에게는 이사장이 예산의 범위 내에서 수당을 지급할 수 있다.

제12조(간사 및 서기) ① 이사회에 간사 1인과 서기 1인을 둔다.
  ② 간사 및 서기는 진흥재단 직원 중에서 이사장이 지명한다. (

제13조(의사록) ① 이사회의 의사록 작성은 정관 제27조를 준용한다. (
  ② 소위원회의 의사록은 위원장 및 출석위원 2인 이상의 기명날인을 받아 보존하여야 하며, 그 사본을 각 소위원회 위원과 감사에게 배부하고 차기이사회 및 소위원회에 보고하여야 한다.

제14조(근로자 참관제) ① 노사협의회가 근로자위원 중에서 추천한 대표(이하 “참관인”이라 한다) 1인은 이사회에 참관할 수 있다.
  ② 제1항에 따라 추천받은 참관인은 안건의 심의·의결에 참여할 수 없다. 다만, 필요 시 이사장의 동의를 얻어 의견을 진술할 수 있다.
  ③ 참관인은 상법 제382조의4에 준하는 비밀유지의 의무를 지닌다.","1) 이사회에 참석한 이사에게 수당을 지급하는 규정은 어떤 조에 명시되어 있나요?

",,
,,,"제11조(수당) 이사회에 참석한 이사에게는 이사장이 예산의 범위 내에서 수당을 지급할 수 있다.

제12조(간사 및 서기) ① 이사회에 간사 1인과 서기 1인을 둔다.
  ② 간사 및 서기는 진흥재단 직원 중에서 이사장이 지명한다. (

제13조(의사록) ① 이사회의 의사록 작성은 정관 제27조를 준용한다. (
  ② 소위원회의 의사록은 위원장 및 출석위원 2인 이상의 기명날인을 받아 보존하여야 하며, 그 사본을 각 소위원회 위원과 감사에게 배부하고 차기이사회 및 소위원회에 보고하여야 한다.

제14조(근로자 참관제) ① 노사협의회가 근로자위원 중에서 추천한 대표(이하 “참관인”이라 한다) 1인은 이사회에 참관할 수 있다.
  ② 제1항에 따라 추천받은 참관인은 안건의 심의·의결에 참여할 수 없다. 다만, 필요 시 이사장의 동의를 얻어 의견을 진술할 수 있다.
  ③ 참관인은 상법 제382조의4에 준하는 비밀유지의 의무를 지닌다.",2) 이사회의 간사와 서기는 어떻게 선정되나요?,,
,,,"제11조(수당) 이사회에 참석한 이사에게는 이사장이 예산의 범위 내에서 수당을 지급할 수 있다.

제12조(간사 및 서기) ① 이사회에 간사 1인과 서기 1인을 둔다.
  ② 간사 및 서기는 진흥재단 직원 중에서 이사장이 지명한다. (

제13조(의사록) ① 이사회의 의사록 작성은 정관 제27조를 준용한다. (
  ② 소위원회의 의사록은 위원장 및 출석위원 2인 이상의 기명날인을 받아 보존하여야 하며, 그 사본을 각 소위원회 위원과 감사에게 배부하고 차기이사회 및 소위원회에 보고하여야 한다.

제14조(근로자 참관제) ① 노사협의회가 근로자위원 중에서 추천한 대표(이하 “참관인”이라 한다) 1인은 이사회에 참관할 수 있다.
  ② 제1항에 따라 추천받은 참관인은 안건의 심의·의결에 참여할 수 없다. 다만, 필요 시 이사장의 동의를 얻어 의견을 진술할 수 있다.
  ③ 참관인은 상법 제382조의4에 준하는 비밀유지의 의무를 지닌다.","3) 노사협의회가 추천한 참관인이 이사회에 참여할 수 있는 규정은 어떤 조에 있고, 그들의 역할과 제한 사항은 무엇인가요?",,
28,28,,"임원추천위원회규정



제1조(목적) 이 규정은 정관 제20조에 근거하여 연구개발특구진흥재단(이하 “진흥재단”라 한다)의 이사장 및 감사를 선임하기 위한 임원추천위원회(이하 “추천위원회”라 한다)의 구성 및 운영에 관한 사항을 규정함을 목적으로 한다.
   (

제2조(추천위원회 구성 및 운영) ① 임원의 임기만료 및 그 밖의 사유로 인하여 새로이 선임할 필요가 있을 경우에는 추천위원회를 설치하여야 한다. (
  ② 추천위원회 위원 정수는 5명에서 15명 이내의 범위에서 이사회 의결로 정한다. 다만, 위원회 구성 당시 비상임이사가 2명 이하인 경우에는 위원 정수를 2명 또는 3명으로 할 수 있다. (  ③ 이사회가 선임하는 위원의 정수는 추천위원회 위원 정수의 2분의 1 미만과 3분의 1 이상으로 한다. 다만, 추천위원회 구성 당시 비상임이사가 1명인 경우에는 이사회가 선임하는 위원의 정수를 2분의 1로 할 수 있다. (
  ④ 추천위원회는 심사기준 등에 따라 임원후보자를 심사하여 복수로 이사회에 추천한다. (
  ⑤ 추천위원회는 이사회로부터 독립적으로 운영한다. (
  ⑥ 추천위원회의 위원장은 추천위원회 위원인 진흥재단 비상임이사 중에서 추천위원회 위원의 호선으로 선출한다. (
  ⑦ 위원장은 추천위원회를 대표하며 추천위원회의 직무를 통할한다.  (
  ⑧ 위원이 이사장후보자로 응모한 경우에는 위원의 자격을 상실한다. (
  ⑨ 추천위원회는 임원추천이 필요할 때마다 새로 구성함을 원칙으로 하나, 임원 직위 결원이 여러 명이고 그 결원발생 예정시기가 최초 결원발생 예정일로부터 3월 이내에 집중되는 경우에는 동일한 위원으로 임원추천위원회를 구성하여 운영할 수 있다. ","1. 임원추천위원회의 목적은 무엇인가요?

",,
,,,"임원추천위원회규정



제1조(목적) 이 규정은 정관 제20조에 근거하여 연구개발특구진흥재단(이하 “진흥재단”라 한다)의 이사장 및 감사를 선임하기 위한 임원추천위원회(이하 “추천위원회”라 한다)의 구성 및 운영에 관한 사항을 규정함을 목적으로 한다.
   (

제2조(추천위원회 구성 및 운영) ① 임원의 임기만료 및 그 밖의 사유로 인하여 새로이 선임할 필요가 있을 경우에는 추천위원회를 설치하여야 한다. (
  ② 추천위원회 위원 정수는 5명에서 15명 이내의 범위에서 이사회 의결로 정한다. 다만, 위원회 구성 당시 비상임이사가 2명 이하인 경우에는 위원 정수를 2명 또는 3명으로 할 수 있다. (  ③ 이사회가 선임하는 위원의 정수는 추천위원회 위원 정수의 2분의 1 미만과 3분의 1 이상으로 한다. 다만, 추천위원회 구성 당시 비상임이사가 1명인 경우에는 이사회가 선임하는 위원의 정수를 2분의 1로 할 수 있다. (
  ④ 추천위원회는 심사기준 등에 따라 임원후보자를 심사하여 복수로 이사회에 추천한다. (
  ⑤ 추천위원회는 이사회로부터 독립적으로 운영한다. (
  ⑥ 추천위원회의 위원장은 추천위원회 위원인 진흥재단 비상임이사 중에서 추천위원회 위원의 호선으로 선출한다. (
  ⑦ 위원장은 추천위원회를 대표하며 추천위원회의 직무를 통할한다.  (
  ⑧ 위원이 이사장후보자로 응모한 경우에는 위원의 자격을 상실한다. (
  ⑨ 추천위원회는 임원추천이 필요할 때마다 새로 구성함을 원칙으로 하나, 임원 직위 결원이 여러 명이고 그 결원발생 예정시기가 최초 결원발생 예정일로부터 3월 이내에 집중되는 경우에는 동일한 위원으로 임원추천위원회를 구성하여 운영할 수 있다. ",2. 임원추천위원회의 구성원 수는 어떻게 결정되나요?,,
,,,"임원추천위원회규정



제1조(목적) 이 규정은 정관 제20조에 근거하여 연구개발특구진흥재단(이하 “진흥재단”라 한다)의 이사장 및 감사를 선임하기 위한 임원추천위원회(이하 “추천위원회”라 한다)의 구성 및 운영에 관한 사항을 규정함을 목적으로 한다.
   (

제2조(추천위원회 구성 및 운영) ① 임원의 임기만료 및 그 밖의 사유로 인하여 새로이 선임할 필요가 있을 경우에는 추천위원회를 설치하여야 한다. (
  ② 추천위원회 위원 정수는 5명에서 15명 이내의 범위에서 이사회 의결로 정한다. 다만, 위원회 구성 당시 비상임이사가 2명 이하인 경우에는 위원 정수를 2명 또는 3명으로 할 수 있다. (  ③ 이사회가 선임하는 위원의 정수는 추천위원회 위원 정수의 2분의 1 미만과 3분의 1 이상으로 한다. 다만, 추천위원회 구성 당시 비상임이사가 1명인 경우에는 이사회가 선임하는 위원의 정수를 2분의 1로 할 수 있다. (
  ④ 추천위원회는 심사기준 등에 따라 임원후보자를 심사하여 복수로 이사회에 추천한다. (
  ⑤ 추천위원회는 이사회로부터 독립적으로 운영한다. (
  ⑥ 추천위원회의 위원장은 추천위원회 위원인 진흥재단 비상임이사 중에서 추천위원회 위원의 호선으로 선출한다. (
  ⑦ 위원장은 추천위원회를 대표하며 추천위원회의 직무를 통할한다.  (
  ⑧ 위원이 이사장후보자로 응모한 경우에는 위원의 자격을 상실한다. (
  ⑨ 추천위원회는 임원추천이 필요할 때마다 새로 구성함을 원칙으로 하나, 임원 직위 결원이 여러 명이고 그 결원발생 예정시기가 최초 결원발생 예정일로부터 3월 이내에 집중되는 경우에는 동일한 위원으로 임원추천위원회를 구성하여 운영할 수 있다. ",3. 임원추천위원회의 위원장은 어떻게 선출되나요?,,
29,29,,"제2조의2(추천위원회 위원) ① 추천위원회 위원은 진흥재단의 특성을 반영하되, 성별․지역별로 균형있게 구성되도록 하여야 하고, 남성 또는 여성 위원의 비율이 위원 정수의 80%를 넘지 않도록 하여야 한다.
  ② 진흥재단 임직원과 공무원은 임원추천위원회의 위원이 될 수 없다. 다만, 「공공기관의 운영에 관한 법률」 제29조제3항에 따라 진흥재단 비상임이사, 「교육공무원법」에 따른 교원과 과학기술정보통신부 소속 공무원은 그러하지 아니하다.
  ③ 이사회는 추천위원회 위원 선정에 활용할 수 있도록 후보자 인력풀을 확보하기 위해 노력하여야하며, 이를 위해 전문기관, 관련학계·단체, 비상임이사의 추천과 인사혁신처 국가인재DB 등을 활용할 수 있다. 제3조(추천위원회의 임무) ① 위원은 임원후보자의 심사․추천에 있어서 공정성을 유지하여야 한다. (
  ② 위원은 임원후보자 심사․추천과정에서 알게 된 일체의 사항에 대하여 비밀을 유지하여야 한다. (
  ③ 위원회는 다음 각 호의 임무를 수행한다. (
   1. 임원후보자 모집
   2. 임원후보자 심사 및 추천 
   3. 기타 위원회 운영에 필요한 사항 심의·의결","1. 추천위원회 위원의 구성은 어떤 특성을 반영하고 어떤 비율을 유지해야 하는가?

",,
,,,"제2조의2(추천위원회 위원) ① 추천위원회 위원은 진흥재단의 특성을 반영하되, 성별․지역별로 균형있게 구성되도록 하여야 하고, 남성 또는 여성 위원의 비율이 위원 정수의 80%를 넘지 않도록 하여야 한다.
  ② 진흥재단 임직원과 공무원은 임원추천위원회의 위원이 될 수 없다. 다만, 「공공기관의 운영에 관한 법률」 제29조제3항에 따라 진흥재단 비상임이사, 「교육공무원법」에 따른 교원과 과학기술정보통신부 소속 공무원은 그러하지 아니하다.
  ③ 이사회는 추천위원회 위원 선정에 활용할 수 있도록 후보자 인력풀을 확보하기 위해 노력하여야하며, 이를 위해 전문기관, 관련학계·단체, 비상임이사의 추천과 인사혁신처 국가인재DB 등을 활용할 수 있다. 제3조(추천위원회의 임무) ① 위원은 임원후보자의 심사․추천에 있어서 공정성을 유지하여야 한다. (
  ② 위원은 임원후보자 심사․추천과정에서 알게 된 일체의 사항에 대하여 비밀을 유지하여야 한다. (
  ③ 위원회는 다음 각 호의 임무를 수행한다. (
   1. 임원후보자 모집
   2. 임원후보자 심사 및 추천 
   3. 기타 위원회 운영에 필요한 사항 심의·의결",2. 진흥재단 임직원과 공무원이 추천위원회의 위원이 될 수 있는 경우는 어떤 경우인가?,,
,,,"제2조의2(추천위원회 위원) ① 추천위원회 위원은 진흥재단의 특성을 반영하되, 성별․지역별로 균형있게 구성되도록 하여야 하고, 남성 또는 여성 위원의 비율이 위원 정수의 80%를 넘지 않도록 하여야 한다.
  ② 진흥재단 임직원과 공무원은 임원추천위원회의 위원이 될 수 없다. 다만, 「공공기관의 운영에 관한 법률」 제29조제3항에 따라 진흥재단 비상임이사, 「교육공무원법」에 따른 교원과 과학기술정보통신부 소속 공무원은 그러하지 아니하다.
  ③ 이사회는 추천위원회 위원 선정에 활용할 수 있도록 후보자 인력풀을 확보하기 위해 노력하여야하며, 이를 위해 전문기관, 관련학계·단체, 비상임이사의 추천과 인사혁신처 국가인재DB 등을 활용할 수 있다. 제3조(추천위원회의 임무) ① 위원은 임원후보자의 심사․추천에 있어서 공정성을 유지하여야 한다. (
  ② 위원은 임원후보자 심사․추천과정에서 알게 된 일체의 사항에 대하여 비밀을 유지하여야 한다. (
  ③ 위원회는 다음 각 호의 임무를 수행한다. (
   1. 임원후보자 모집
   2. 임원후보자 심사 및 추천 
   3. 기타 위원회 운영에 필요한 사항 심의·의결",3. 추천위원회의 주요 임무는 무엇인가?,,
30,30,,"제4조(회의) ① 위원장은 추천위원회의 회의를 소집하며, 그 의장이 된다.
  ② 추천위원회의 회의는 재적위원 3분의 2이상의 출석으로 개회하고, 출석위원 과반수의 찬성으로 의결한다.
  ③ 추천위원회의 회의는 위원장이 필요하다고 인정할 경우 비공개로 할 수 있다.
  ④ 위원회는 필요에 따라 관계전문가, 이해관계인 및 관계 공무원의 의견을 청취할 수 있다.

제5조(간사) ① 추천위원회의 사무를 처리하게 하기 위하여 추천위원회에 간사 1인을 둔다.
  ② 추천위원회의 간사는 진흥재단 소속직원 중에서 위원장이 정한다. (

제6조(회의록 작성 및 보고) ① 간사는 회의결과를 기록한 의사록을 작성하여 위원장에게 보고하여야 한다. (
  ② 간사는 추천위원회의 의사록을 작성한 때에 출석위원 2인 이상의 기명날인을 받아야 한다.
  ③ 추천위원회는 회의록을 작성·보존하고 공개하여야 한다. 다만 「공공기관의 정보공개에 관한 법률」제9조제1항 각 호의 어느 하나에 해당하는 경우에는 공개하지 아니할 수 있다. (","1. 추천위원회의 회의를 소집하고 의장이 되는 사람은 누구인가요?
",,
,,,"제4조(회의) ① 위원장은 추천위원회의 회의를 소집하며, 그 의장이 된다.
  ② 추천위원회의 회의는 재적위원 3분의 2이상의 출석으로 개회하고, 출석위원 과반수의 찬성으로 의결한다.
  ③ 추천위원회의 회의는 위원장이 필요하다고 인정할 경우 비공개로 할 수 있다.
  ④ 위원회는 필요에 따라 관계전문가, 이해관계인 및 관계 공무원의 의견을 청취할 수 있다.

제5조(간사) ① 추천위원회의 사무를 처리하게 하기 위하여 추천위원회에 간사 1인을 둔다.
  ② 추천위원회의 간사는 진흥재단 소속직원 중에서 위원장이 정한다. (

제6조(회의록 작성 및 보고) ① 간사는 회의결과를 기록한 의사록을 작성하여 위원장에게 보고하여야 한다. (
  ② 간사는 추천위원회의 의사록을 작성한 때에 출석위원 2인 이상의 기명날인을 받아야 한다.
  ③ 추천위원회는 회의록을 작성·보존하고 공개하여야 한다. 다만 「공공기관의 정보공개에 관한 법률」제9조제1항 각 호의 어느 하나에 해당하는 경우에는 공개하지 아니할 수 있다. (",2. 추천위원회의 간사는 어떻게 선정되나요?,,
,,,"제4조(회의) ① 위원장은 추천위원회의 회의를 소집하며, 그 의장이 된다.
  ② 추천위원회의 회의는 재적위원 3분의 2이상의 출석으로 개회하고, 출석위원 과반수의 찬성으로 의결한다.
  ③ 추천위원회의 회의는 위원장이 필요하다고 인정할 경우 비공개로 할 수 있다.
  ④ 위원회는 필요에 따라 관계전문가, 이해관계인 및 관계 공무원의 의견을 청취할 수 있다.

제5조(간사) ① 추천위원회의 사무를 처리하게 하기 위하여 추천위원회에 간사 1인을 둔다.
  ② 추천위원회의 간사는 진흥재단 소속직원 중에서 위원장이 정한다. (

제6조(회의록 작성 및 보고) ① 간사는 회의결과를 기록한 의사록을 작성하여 위원장에게 보고하여야 한다. (
  ② 간사는 추천위원회의 의사록을 작성한 때에 출석위원 2인 이상의 기명날인을 받아야 한다.
  ③ 추천위원회는 회의록을 작성·보존하고 공개하여야 한다. 다만 「공공기관의 정보공개에 관한 법률」제9조제1항 각 호의 어느 하나에 해당하는 경우에는 공개하지 아니할 수 있다. (",3. 추천위원회의 회의록 작성 및 보고에 대한 절차는 어떻게 되나요?,,
31,31,,"제7조(임원후보자 모집) ① 임원후보자의 모집 방법은 공개모집, 추천방식, 공개모집․추천방식 병행 중에서 결정하여야 한다. 단, 이사장후보자의 모집에 관해서는 공개모집 또는 공개모집․추천방식 병행의 방법을 적용하여야 한다. (
  ② 임원후보자를 공개모집하는 경우에는 기관 홈페이지 및 주요 일간지 등에 공고하되, 공모기간은 14일 이상으로 한다. 다만, 신속히 선임하기 위하여 과학기술정보통신부장관의 승인을 얻어 공고 기간을 단축할 수 있다. (
  ③ 이사장후보자의 지원자격 및 추천기준은 다음 각 호와 같다.
   1. 연구개발 및 연구성과의 사업화 관련 전문지식과 식견이 풍부한 자
   2. 특구와 관련한 미래지향적 비전을 가진 자
   3. 국제적 감각과 폭넓은 국내외 네트워크를 가진 자
   4. 기관의 경영혁신 능력과 전략적 리더십을 갖춘 자
   5. 사회적 덕망과 투철한 윤리의식이 있는 자
   6.「연구개발특구의 육성에 관한 특별법」제53조(임원의 결격사유)에 해당하지 아니한 자(
  ④ 감사후보자의 지원자격 및 추천기준은 다음 각 호와 같다. (
   1. 조직운영 및 경영에 대한 감시 능력을 가진 자
   2. 청렴성과 도덕성 등 건전한 윤리의식을 가진 자 
   3. 연구개발 및 연구성과의 사업화 관련 전문지식과 식견이 풍부한 자
   4. 「연구개발특구의 육성에 관한 특별법」제53조(임원의 결격사유)에 해당하지 아니한 자
   5. 「공공기관의 운영에 관한 법률」 제30조에서 정하는 추천기준에 부합하는 자 (

제7조의2(이해관계 임원의 참여제한) 임원추천위원회 구성을 위한 이사회의 심의․의결에 참여한 임원은 해당 시기 진흥재단 임원직위의 공개모집 또는 추천방식에 의한 모집에 참여할 수 없다.","1. 임원후보자의 모집 방법에는 어떤 것들이 있으며, 이사장후보자의 모집 방법은 어떻게 되어야 하는가?

",,
,,,"제7조(임원후보자 모집) ① 임원후보자의 모집 방법은 공개모집, 추천방식, 공개모집․추천방식 병행 중에서 결정하여야 한다. 단, 이사장후보자의 모집에 관해서는 공개모집 또는 공개모집․추천방식 병행의 방법을 적용하여야 한다. (
  ② 임원후보자를 공개모집하는 경우에는 기관 홈페이지 및 주요 일간지 등에 공고하되, 공모기간은 14일 이상으로 한다. 다만, 신속히 선임하기 위하여 과학기술정보통신부장관의 승인을 얻어 공고 기간을 단축할 수 있다. (
  ③ 이사장후보자의 지원자격 및 추천기준은 다음 각 호와 같다.
   1. 연구개발 및 연구성과의 사업화 관련 전문지식과 식견이 풍부한 자
   2. 특구와 관련한 미래지향적 비전을 가진 자
   3. 국제적 감각과 폭넓은 국내외 네트워크를 가진 자
   4. 기관의 경영혁신 능력과 전략적 리더십을 갖춘 자
   5. 사회적 덕망과 투철한 윤리의식이 있는 자
   6.「연구개발특구의 육성에 관한 특별법」제53조(임원의 결격사유)에 해당하지 아니한 자(
  ④ 감사후보자의 지원자격 및 추천기준은 다음 각 호와 같다. (
   1. 조직운영 및 경영에 대한 감시 능력을 가진 자
   2. 청렴성과 도덕성 등 건전한 윤리의식을 가진 자 
   3. 연구개발 및 연구성과의 사업화 관련 전문지식과 식견이 풍부한 자
   4. 「연구개발특구의 육성에 관한 특별법」제53조(임원의 결격사유)에 해당하지 아니한 자
   5. 「공공기관의 운영에 관한 법률」 제30조에서 정하는 추천기준에 부합하는 자 (

제7조의2(이해관계 임원의 참여제한) 임원추천위원회 구성을 위한 이사회의 심의․의결에 참여한 임원은 해당 시기 진흥재단 임원직위의 공개모집 또는 추천방식에 의한 모집에 참여할 수 없다.",2. 이사장후보자와 감사후보자의 지원자격 및 추천기준은 각각 어떻게 되는가?,,
,,,"제7조(임원후보자 모집) ① 임원후보자의 모집 방법은 공개모집, 추천방식, 공개모집․추천방식 병행 중에서 결정하여야 한다. 단, 이사장후보자의 모집에 관해서는 공개모집 또는 공개모집․추천방식 병행의 방법을 적용하여야 한다. (
  ② 임원후보자를 공개모집하는 경우에는 기관 홈페이지 및 주요 일간지 등에 공고하되, 공모기간은 14일 이상으로 한다. 다만, 신속히 선임하기 위하여 과학기술정보통신부장관의 승인을 얻어 공고 기간을 단축할 수 있다. (
  ③ 이사장후보자의 지원자격 및 추천기준은 다음 각 호와 같다.
   1. 연구개발 및 연구성과의 사업화 관련 전문지식과 식견이 풍부한 자
   2. 특구와 관련한 미래지향적 비전을 가진 자
   3. 국제적 감각과 폭넓은 국내외 네트워크를 가진 자
   4. 기관의 경영혁신 능력과 전략적 리더십을 갖춘 자
   5. 사회적 덕망과 투철한 윤리의식이 있는 자
   6.「연구개발특구의 육성에 관한 특별법」제53조(임원의 결격사유)에 해당하지 아니한 자(
  ④ 감사후보자의 지원자격 및 추천기준은 다음 각 호와 같다. (
   1. 조직운영 및 경영에 대한 감시 능력을 가진 자
   2. 청렴성과 도덕성 등 건전한 윤리의식을 가진 자 
   3. 연구개발 및 연구성과의 사업화 관련 전문지식과 식견이 풍부한 자
   4. 「연구개발특구의 육성에 관한 특별법」제53조(임원의 결격사유)에 해당하지 아니한 자
   5. 「공공기관의 운영에 관한 법률」 제30조에서 정하는 추천기준에 부합하는 자 (

제7조의2(이해관계 임원의 참여제한) 임원추천위원회 구성을 위한 이사회의 심의․의결에 참여한 임원은 해당 시기 진흥재단 임원직위의 공개모집 또는 추천방식에 의한 모집에 참여할 수 없다.",3. 임원추천위원회 구성을 위한 이사회의 심의․의결에 참여한 임원이 진흥재단 임원직위의 공개모집 또는 추천방식에 의한 모집에 참여할 수 있는지 여부는?,,
